1;29/9/2003;18;20;25;23;10;11;24;14;6;2;13;9;5;16;3;0;5;154;4645;48807;257593;49765.82;689.84;10;4;2;0;0
2;6/10/2003;23;15;5;4;12;16;20;6;11;19;24;1;9;13;7;0;1;184;6232;81252;478188;596323.7;1388.95;10;4;2;0;0
3;13/10/2003;20;23;12;8;6;1;7;11;14;4;16;10;9;17;24;0;2;158;6897;96244;608211;400623.7;2173.36;10;4;2;0;0
4;20/10/2003;16;5;25;24;23;8;12;2;17;18;1;10;4;19;13;0;1;258;9569;123912;706657;902226.02;1498.72;10;4;2;0;0
5;27/10/2003;15;13;20;2;11;24;9;16;4;23;25;12;8;19;1;0;2;472;14736;195636;860992;380017.55;687.49;10;4;2;0;0
6;3/11/2003;23;19;1;5;7;21;16;10;15;25;6;2;12;4;17;0;2;393;14242;162320;888301;489140.06;1066.83;10;4;2;0;0
7;10/11/2003;22;4;15;8;16;14;21;23;12;1;25;19;7;10;18;0;9;1333;25878;206828;967358;104625.29;301.59;10;4;2;0;0
8;17/11/2003;19;16;18;9;13;8;5;25;17;10;6;15;1;22;20;0;1;256;11414;149037;926910;1201958.08;2012.21;10;4;2;0;0
9;24/11/2003;21;4;17;5;3;13;16;9;20;24;25;19;11;15;10;0;3;407;14973;213511;1104328;336053.65;1061.6;10;4;2;0;0
10;1/12/2003;24;19;8;23;6;2;20;11;9;3;4;10;5;12;14;0;0;380;15767;207355;1186563;0;1157.08;10;4;2;1.025.945,00;0
11;8/12/2003;24;9;8;19;20;22;6;10;11;16;7;25;23;2;12;0;0;306;14249;216679;1343171;0;1855.82;10;4;2;2351000.93;0
12;15/12/2003;11;5;25;1;9;8;16;4;7;24;17;2;12;14;10;0;1;631;24400;322557;1607584;3490966.18;771.32;10;4;2;0;0
13;22/12/2003;13;6;10;5;8;14;3;11;16;15;9;17;19;7;23;0;3;714;27399;320961;1501354;269157.25;482.84;10;4;2;0;0
14;29/12/2003;14;21;13;19;20;6;9;5;7;23;18;1;15;2;25;0;3;444;15413;214582;1149506;411362.89;1191.21;10;4;2;0;0
15;5/1/2004;23;6;21;4;10;24;16;1;15;2;8;19;12;18;25;0;22;2059;38038;379994;1198158;27525.68;125.58;10;4;2;0;0
16;12/1/2004;24;17;5;8;7;12;13;2;15;10;19;25;23;21;6;0;9;1086;29005;329409;1471908;83935.77;296.98;10;4;2;0;0
17;19/1/2004;13;20;17;1;6;7;2;14;5;9;16;19;3;21;18;0;1;320;14425;232740;1083387;1427169.94;1911.39;10;4;2;0;0
18;26/1/2004;2;23;10;7;11;14;17;22;15;6;24;8;19;20;18;0;3;309;12373;174339;1079894;487887.61;2030.05;10;4;2;0;0
19;2/2/2004;15;17;10;23;11;24;13;14;6;2;8;5;20;16;7;0;10;818;23594;326913;1333412;82040.05;428.2;10;4;2;0;0
20;9/2/2004;4;9;8;24;16;20;3;17;18;19;7;6;23;14;10;0;9;931;19580;266087;1462294;122882.04;507.17;10;4;2;0;0
21;16/2/2004;5;2;1;22;19;8;24;4;25;23;18;20;14;11;16;0;3;316;13077;203475;1211951;530990.23;2160.45;10;4;2;0;0
22;25/2/2004;13;15;5;9;7;10;1;3;22;2;25;14;6;4;12;0;1;484;55372;152738;868693;1081149.89;957.34;10;4;2;0;0
23;1/3/2004;10;11;5;19;18;14;6;4;20;1;8;3;12;16;17;0;1;541;16248;215670;1187602;1178452.05;933.55;10;4;2;0;0
24;8/3/2004;1;19;21;14;2;23;25;5;20;11;7;10;24;17;3;0;2;585;22453;258724;1286374;662295.89;970.4;10;4;2;0;0
25;15/3/2004;4;23;20;2;5;13;7;9;24;3;1;6;14;22;16;0;0;417;16108;213231;1288117;0;1437.73;10;4;2;1398910.67;0
26;22/3/2004;19;11;7;16;8;21;5;10;20;13;23;9;17;14;22;0;3;602;22397;317722;1659205;970676.17;1077.21;10;4;2;0;0
27;29/3/2004;25;6;22;21;11;24;3;14;12;13;20;8;10;15;18;0;2;466;15650;216827;1192912;811005.39;1491.73;10;4;2;0;0
28;5/4/2004;18;21;11;7;9;3;20;16;14;12;13;17;1;19;10;0;2;556;22300;307113;1363336;536916.65;827.73;10;4;2;0;0
29;12/4/2004;13;14;6;1;24;4;8;5;17;22;21;19;20;9;16;0;5;456;14375;181147;1203109;317538.81;1492.19;10;4;2;0;0
30;19/4/2004;22;2;1;17;8;4;19;20;11;14;6;21;7;23;3;0;2;345;13480;184916;1136035;813271.34;2020.55;10;4;2;0;0
31;26/4/2004;1;3;22;14;21;17;24;15;20;13;2;19;4;25;9;0;3;250;13005;189635;1161305;503451.7;2589.18;10;4;2;0;0
32;3/5/2004;10;14;9;16;15;7;22;6;4;2;1;17;23;11;20;0;2;384;14060;199525;1175480;706634.89;1577.31;10;4;2;0;0
33;10/5/2004;8;20;12;16;10;21;5;2;23;19;11;24;1;14;7;0;9;1358;35450;328729;1417927;109171.84;308.91;10;4;2;0;0
34;17/5/2004;7;19;16;10;23;4;18;11;8;9;20;21;1;2;15;0;0;407;16589;216210;1359006;0;1381.2;10;4;2;1311675.01;0
35;24/5/2004;12;1;13;23;19;21;17;11;22;6;25;16;14;5;4;0;1;291;12750;191524;1338198;3155820.04;2715.98;10;4;2;0;0
36;31/5/2004;7;23;10;20;1;21;4;8;11;19;17;22;24;14;5;0;6;1573;40526;453277;1414816;92828.37;151.18;10;4;2;0;0
37;7/6/2004;24;20;5;15;10;22;21;3;1;23;11;4;13;8;9;0;1;283;11976;182815;1220504;1371528.32;2077.02;10;4;2;0;0
38;14/6/2004;14;13;8;16;1;10;3;7;15;25;9;2;24;6;22;0;0;298;12361;181763;1122407;0;2240.91;10;4;2;1558182.5;0
39;21/6/2004;14;15;7;19;8;9;22;17;23;18;2;11;24;13;21;0;3;915;31607;352332;1626512;888003.6;516;10;4;2;0;0
40;28/6/2004;10;17;16;12;14;24;8;7;5;20;21;1;13;2;22;0;9;650;20792;266561;1331593;129462.67;765.33;10;4;2;0;0
41;5/7/2004;25;4;23;18;17;19;15;13;9;3;12;20;21;16;2;0;5;431;16555;218669;1304019;285091.61;1417.43;10;4;2;0;0
42;12/7/2004;1;24;12;25;4;3;21;8;11;6;15;22;14;17;5;0;1;351;14288;205537;1065540;1731431.15;2114.08;10;4;2;0;0
43;19/7/2004;23;22;3;17;1;24;14;19;8;6;9;18;20;7;10;0;2;448;31225;257520;1394077;550553.79;1053.36;10;4;2;0;0
44;26/7/2004;23;21;12;19;5;4;6;13;14;10;3;18;24;11;25;0;0;334;12675;172526;1140441;0;2056.93;10;4;2;1603036.94;0
45;2/8/2004;1;23;14;16;2;19;18;7;21;9;24;25;17;5;3;0;4;602;23232;353114;1591989;731525.88;941.91;10;4;2;0;0
46;9/8/2004;6;14;8;11;24;18;19;23;2;5;4;21;10;1;25;0;4;825;24898;340899;1460500;308549.13;638.71;10;4;2;0;0
47;16/8/2004;6;8;25;18;20;5;11;10;15;13;4;22;3;2;1;0;16;933;25668;259783;1267303;94685.43;693.26;10;4;2;0;0
48;23/8/2004;15;6;21;20;2;17;5;23;11;7;13;16;18;19;22;0;2;331;13606;193466;1299636;777343.31;2012.97;10;4;2;0;0
49;30/8/2004;11;2;24;8;20;16;4;13;19;6;15;22;5;23;21;0;0;673;22438;282506;1269761;0;806;10;4;2;1265682.65;0
50;6/9/2004;2;3;7;25;21;23;10;1;13;11;20;6;12;19;9;0;1;659;21583;298054;1545777;2776089.01;982.27;10;4;2;0;0
51;13/9/2004;8;1;13;14;5;22;21;7;6;23;3;17;20;11;16;0;2;765;22722;302341;1520867;545229.3;608.58;10;4;2;0;0
52;20/9/2004;25;4;16;2;15;21;12;9;11;8;24;23;1;13;22;0;3;420;24265;205595;1156747;532065.25;1628.77;10;4;2;0;0
53;27/9/2004;23;3;7;17;20;14;12;2;18;24;6;1;11;9;19;0;4;564;19767;262234;1425498;269887.95;820.33;10;4;2;0;0
54;4/10/2004;22;8;12;9;21;5;20;4;24;2;7;6;14;16;18;0;27;2269;40058;272073;1157000;46149.84;234.47;10;4;2;0;0
55;11/10/2004;4;6;12;15;2;3;13;16;8;9;7;25;5;18;19;0;6;682;24083;253488;1334310;213174.74;803.76;10;4;2;0;0
56;18/10/2004;19;1;5;14;16;15;17;2;13;22;20;12;23;9;24;0;0;401;17323;225472;1396834;0;1427.28;10;4;2;1335461.47;0
57;25/10/2004;25;17;8;11;3;6;19;22;21;7;20;1;4;12;2;0;1;571;33796;229355;1390034;3278857.27;1458.64;10;4;2;0;0
58;1/11/2004;20;14;11;13;19;18;15;16;5;3;6;12;17;22;4;0;6;559;17361;165098;1095964;294482.82;1354.64;10;4;2;0;0
59;8/11/2004;6;8;14;1;23;20;3;15;25;11;5;7;13;10;19;0;2;662;27187;351810;1707263;439884.44;567.39;10;4;2;0;0
60;16/11/2004;17;22;16;5;3;2;18;8;25;11;1;19;4;23;24;0;3;362;30873;165747;1022631;485556.53;1724.55;10;4;2;0;0
61;22/11/2004;4;15;1;23;9;14;12;11;13;19;25;16;22;5;20;0;2;300;14553;253317;1311870;698017.29;1994.34;10;4;2;0;0
62;29/11/2004;9;7;1;13;20;11;3;17;25;8;14;16;15;18;24;0;5;432;19513;234116;1336449;282087.66;1399.25;10;4;2;0;0
63;6/12/2004;13;19;22;17;10;4;25;9;24;8;16;11;21;12;20;0;2;379;15221;209528;1301392;870856.42;1969.52;10;4;2;0;0
64;13/12/2004;13;1;10;6;25;23;14;9;7;2;18;8;20;3;17;0;4;525;20308;280806;1586899;323455.35;1056.18;10;4;2;0;0
65;20/12/2004;23;19;10;7;1;17;4;2;22;16;21;15;20;18;25;0;0;300;13067;218281;1147456;0;2735.19;10;4;2;1914633.24;0
66;27/12/2004;8;10;23;17;11;20;2;14;21;22;15;16;24;4;1;0;8;834;25470;309390;1631513;434105.49;800.73;10;4;2;0;0
67;3/1/2005;7;24;13;20;16;5;21;12;11;8;15;22;23;10;9;0;4;294;12324;205063;1212285;394429.73;2299.88;10;4;2;0;0
68;10/1/2005;9;1;25;16;6;3;5;22;7;12;8;10;2;17;23;0;2;368;14579;211030;1291340;853689.74;1988.41;10;4;2;0;0
69;17/1/2005;23;7;11;15;4;17;20;8;9;24;1;18;21;10;19;0;4;619;34720;283047;1543014;296233.16;820.4;10;4;2;0;0
70;24/1/2005;14;5;9;24;6;15;12;19;20;1;2;25;16;10;3;0;6;611;19413;230116;1265554;264323.93;1112.42;10;4;2;0;0
71;31/1/2005;13;3;22;5;1;21;23;6;8;11;15;18;14;16;9;0;4;744;21490;276234;1289869;349187.58;804.58;10;4;2;0;0
72;9/2/2005;2;16;5;25;23;11;18;13;24;15;1;7;8;12;17;0;2;485;16561;198957;1178585;571665.39;1010.31;10;4;2;0;0
73;14/2/2005;25;17;18;2;16;19;15;13;14;5;21;11;7;1;10;0;3;401;16615;240646;1388168;404461.66;1296.82;10;4;2;0;0
74;21/2/2005;8;25;3;1;2;22;16;4;5;15;6;18;13;23;11;0;7;861;36320;325482;1342101;165704.35;575.18;10;4;2;0;0
75;28/2/2005;10;8;3;16;7;25;20;4;13;6;11;15;17;5;1;0;2;564;22764;330303;1538522;531264.65;807.39;10;4;2;0;0
76;7/3/2005;15;5;12;10;19;16;21;17;25;9;13;1;23;8;3;0;13;2705;63452;463129;1672037;49566.81;101.71;10;4;2;0;0
77;14/3/2005;6;20;4;9;11;17;3;8;2;21;24;14;22;25;18;0;4;742;21609;228257;1213259;434837.87;1004.63;10;4;2;0;0
78;21/3/2005;15;5;17;23;1;8;7;20;16;6;12;18;3;2;13;0;1;643;23291;317982;1617133;1007644.94;669.06;10;4;2;0;0
79;28/3/2005;15;14;17;2;22;24;5;23;20;9;12;18;25;1;3;0;1;443;17526;230930;1249856;1429789.18;1383.22;10;4;2;0;0
80;4/4/2005;17;22;25;7;20;3;18;10;4;1;14;9;2;5;15;0;1;502;19706;292151;1294632;1387219.92;1184.31;10;4;2;0;0
81;11/4/2005;13;2;7;19;17;15;1;4;6;21;3;11;5;16;10;0;6;866;29787;387171;1619963;160734.67;475.46;10;4;2;0;0
82;18/4/2005;4;8;19;12;23;17;13;20;1;18;6;15;5;22;9;0;4;636;20746;250768;1418972;378128.77;1019.22;10;4;2;0;0
83;25/4/2005;23;10;25;20;14;3;1;6;2;11;8;13;12;24;5;0;3;505;19766;290953;1615749;370701.93;943.79;10;4;2;0;0
84;2/5/2005;15;22;8;25;6;4;16;1;2;24;19;20;17;23;12;0;2;525;21813;263703;1419482;729194.11;1190.52;10;4;2;0;0
85;9/5/2005;1;2;11;21;16;8;23;7;18;22;14;15;5;13;9;0;13;988;41716;303054;1673514;86488.6;485.87;10;4;2;0;0
86;16/5/2005;13;19;12;18;5;6;9;24;23;4;17;8;25;2;14;0;14;1437;33924;344925;1583126;81060.95;337.18;10;4;2;0;0
87;23/5/2005;11;3;18;25;5;24;13;8;15;10;9;22;1;2;20;0;14;1308;46044;353024;1711252;62917.54;287.52;10;4;2;0;0
88;30/5/2005;8;10;18;24;11;1;17;2;25;9;14;19;12;4;5;0;5;853;30153;318718;1383793;257018.77;643.22;10;4;2;0;0
89;6/6/2005;23;16;1;12;21;25;17;19;13;20;24;15;6;11;22;0;2;528;59274;230638;1266634;858145.42;1393.1;10;4;2;0;0
90;13/6/2005;22;10;11;8;17;20;23;3;21;1;15;25;2;12;24;0;4;525;17979;236987;1539050;400382.66;1307.37;10;4;2;0;0
91;20/6/2005;16;23;1;25;22;14;9;13;11;10;12;15;4;20;17;0;2;428;23937;203510;1341264;880833.62;1764.02;10;4;2;0;0
92;27/6/2005;17;6;4;1;8;15;2;19;14;13;12;18;21;24;22;0;5;714;22604;257642;1433995;290246.68;871.09;10;4;2;0;0
93;4/7/2005;4;24;7;17;9;13;18;20;5;6;10;21;2;19;23;0;6;480;18433;230658;1352474;271483.43;1454.37;10;4;2;0;0
94;11/7/2005;21;9;13;12;11;15;4;22;24;16;8;18;23;2;17;0;2;573;29882;267884;1577059;694861.3;1039.43;10;4;2;0;0
95;18/7/2005;10;4;18;22;1;3;20;19;17;2;15;5;11;12;14;0;2;401;20787;231813;1294859;883199.51;1887.85;10;4;2;0;0
96;25/7/2005;9;17;24;6;16;10;23;18;14;19;4;3;12;21;22;0;1;454;16790;220370;1209732;1793190.45;1692.75;10;4;2;0;0
97;2/8/2005;4;10;13;22;17;3;23;24;12;14;15;25;19;20;6;0;4;539;19062;237912;1490877;379485.48;1206.95;10;4;2;0;0
98;8/8/2005;24;17;15;25;8;18;22;6;1;11;23;20;5;2;10;0;5;1089;31800;376336;1625070;238130.55;466.8;10;4;2;0;0
99;15/8/2005;4;7;24;25;20;14;1;2;10;16;17;11;21;13;3;0;4;695;19351;227907;1278734;424895.89;1048.05;10;4;2;0;0
100;22/8/2005;11;22;14;25;10;8;23;13;4;16;17;9;3;12;1;0;6;547;39008;241845;1371980;251438.56;1.182,00;10;4;2;0;0
101;29/8/2005;7;6;14;19;13;3;21;23;1;24;16;17;9;20;10;0;9;917;26691;287551;1473207;144911.71;607.23;10;4;2;0;0
102;5/9/2005;19;4;22;1;7;23;10;25;21;11;18;2;3;9;12;0;5;622;20635;267607;1361023;323383.57;1114.09;10;4;2;0;0
103;12/9/2005;23;18;1;7;5;22;2;3;25;10;4;17;8;16;11;0;5;467;26477;269789;1577960;276012.69;1266.5;10;4;2;0;0
104;19/9/2005;6;5;22;24;19;16;11;14;21;13;15;25;7;18;10;0;2;354;13835;196494;1186254;982532.88;2379.02;10;4;2;0;0
105;26/9/2005;8;7;10;12;25;9;15;22;19;6;11;13;4;17;21;0;2;425;15988;225268;1278152;855532.63;1725.44;10;4;2;0;0
106;3/10/2005;5;15;3;1;4;13;22;2;25;6;10;17;14;23;12;0;3;471;22766;286573;1570457;442.710,00;1208.49;10;4;2;0;0
107;10/10/2005;24;4;7;17;21;12;15;3;25;11;1;18;6;8;9;0;1;494;16680;215950;1314644;1801807.58;1563.17;10;4;2;0;0
108;17/10/2005;9;15;25;14;16;2;8;11;12;7;1;22;4;23;18;0;8;1094;26164;281728;1425759;159562.3;498.16;10;4;2;0;0
109;24/10/2005;9;7;23;1;11;25;18;13;20;3;21;5;24;16;12;0;14;2257;44187;335886;1552174;76346.11;202.19;10;4;2;0;0
110;31/10/2005;23;20;3;6;5;1;4;25;12;13;21;17;22;14;19;0;2;442;23523;280697;1423182;706957.82;1370.96;10;4;2;0;0
111;7/11/2005;10;1;19;21;25;17;12;5;11;15;13;24;6;18;22;0;1;415;17785;266234;1440550;1503858.33;1553.04;10;4;2;0;0
112;14/11/2005;20;10;2;6;19;21;18;3;17;11;1;14;4;15;23;0;1;341;13885;218980;1274318;1749331.36;2198.57;10;4;2;0;0
113;21/11/2005;6;14;24;2;19;5;12;8;20;21;4;11;1;13;25;0;3;437;16637;236170;1390432;514867.34;1514.81;10;4;2;0;0
114;28/11/2005;20;3;22;9;6;2;14;1;10;25;24;11;21;8;7;0;0;320;11371;182608;1159190;0;2542.69;10;4;2;1.898.540,00;0
115;5/12/2005;4;17;5;16;6;11;20;9;12;21;25;7;13;1;18;0;1;674;22580;326888;1754217;4081776.78;1388.24;10;4;2;0;0
116;12/12/2005;11;13;18;10;25;23;16;1;14;2;19;21;12;9;20;0;2;484;20047;292261;1619598;848830.45;1503.24;10;4;2;0;0
117;19/12/2005;14;20;5;11;9;23;18;17;6;13;25;15;7;12;10;0;3;498;18606;280170;1592727;569686.18;1470.79;10;4;2;0;0
118;27/12/2005;24;15;21;22;18;4;14;13;19;6;12;2;23;8;5;0;4;660;35222;301415;1520411;357.319,00;928.1;10;4;2;0;0
119;2/1/2006;15;1;21;22;9;4;18;6;24;20;23;11;8;10;17;0;1;370;20989;223234;1259823;1663143.71;1926.43;10;4;2;0;0
120;9/1/2006;3;8;19;7;20;16;15;13;12;11;1;24;18;21;5;0;2;758;25198;303361;1549722;746715.01;844.38;10;4;2;0;0
121;16/1/2006;17;24;25;23;7;2;4;5;11;10;9;1;18;16;12;0;3;830;27637;298499;1491043;492515.31;760.04;10;4;2;0;0
122;23/1/2006;5;22;2;10;13;15;9;20;4;25;1;18;23;17;8;0;8;1291;32778;368045;1643408;136137.23;360.18;10;4;2;0;0
123;30/1/2006;20;13;21;6;18;5;4;7;17;24;19;12;23;11;22;0;4;670;18123;225258;1346974;422565.92;1081.2;10;4;2;0;0
124;6/2/2006;19;9;2;6;24;7;20;16;15;3;25;14;4;18;21;0;2;396;15090;194421;1186925;1036561.02;2243.64;10;4;2;0;0
125;13/2/2006;10;22;7;6;12;16;11;21;4;9;24;3;2;25;15;0;2;395;13621;188288;1269512;1047965.76;2274.07;10;4;2;0;0
126;20/2/2006;7;22;18;8;13;25;16;1;21;4;24;14;3;2;6;0;0;493;18073;245449;1428758;0;1516.7;10;4;2;1744710.64;0
127;1/3/2006;5;25;4;1;13;2;12;18;22;19;23;7;3;10;11;0;5;633;26537;226287;1209770;519339.5;574.65;10;4;2;0;0
128;6/3/2006;17;2;14;21;3;23;6;15;13;11;4;16;19;25;20;0;2;422;18165;257399;1512543;830452.68;1686.77;10;4;2;0;0
129;13/3/2006;5;11;9;22;6;21;7;19;2;20;15;23;18;25;13;0;3;907;38023;333579;1684780;448986.01;634.05;10;4;2;0;0
130;20/3/2006;15;19;6;4;24;2;17;25;13;23;10;12;5;3;9;0;3;952;29720;362203;1689512;417614.17;561.87;10;4;2;0;0
131;27/3/2006;2;25;20;12;5;7;6;11;13;19;8;4;15;22;23;0;1;660;23967;320580;1600418;1341544.37;871.13;10;4;2;0;0
132;3/4/2006;9;25;14;11;7;15;1;22;16;4;5;17;3;10;23;0;10;792;26452;340872;1584197;135976.17;733.01;10;4;2;0;0
133;10/4/2006;18;22;9;3;15;20;8;21;4;19;13;1;11;23;5;0;5;895;32294;385069;1862691;217132.17;517.9;10;4;2;0;0
134;17/4/2006;12;16;5;7;11;19;8;25;22;17;14;1;3;10;13;0;4;1345;32243;321650;1628816;325378.91;413.15;10;4;2;0;0
135;24/4/2006;7;22;13;2;21;14;19;8;1;25;20;10;15;18;5;0;7;775;20815;253415;1441124;234154.46;906.41;10;4;2;0;0
136;2/5/2006;1;2;23;12;17;21;5;22;9;15;24;14;13;6;3;0;2;329;14555;238514;1255488;671843.75;1750.35;10;4;2;0;0
137;8/5/2006;18;6;19;25;11;8;17;20;16;10;2;21;12;9;13;0;2;313;12648;221694;1259615;937816.37;2568.19;10;4;2;0;0
138;15/5/2006;15;7;16;17;8;24;22;2;3;13;11;5;21;25;4;0;3;464;18695;250239;1503282;476718.72;1320.96;10;4;2;0;0
139;22/5/2006;22;24;23;12;1;15;7;14;21;16;17;2;9;18;19;0;1;443;18564;247145;1370404;1596786.85;1544.78;10;4;2;0;0
140;29/5/2006;12;10;19;1;25;22;15;6;2;24;13;20;9;18;3;0;7;787;22971;268181;1413296;210217.72;801.34;10;4;2;0;0
141;5/6/2006;18;12;19;3;8;17;13;1;25;20;10;16;9;24;7;0;2;471;17588;247734;1532701;793662.96;1444.34;10;4;2;0;0
142;12/6/2006;1;18;19;5;23;7;6;16;17;24;15;9;22;4;2;0;1;373;15636;246926;1364705;1692224.96;1944.35;10;4;2;0;0
143;19/6/2006;21;11;22;9;24;8;17;15;25;1;16;23;13;19;2;0;5;677;29324;326923;1643883;201113.36;634.16;10;4;2;0;0
144;26/6/2006;12;17;1;2;21;4;14;22;9;24;20;7;19;11;25;0;36;3305;39042;295178;1379832;35936.8;167.14;10;4;2;0;0
145;3/7/2006;14;15;20;22;13;10;25;11;18;9;24;2;3;1;17;0;3;815;30436;317461;1442001;395268.82;621.2;10;4;2;0;0
146;10/7/2006;17;22;12;2;11;5;24;10;14;13;25;16;1;23;8;0;6;557;21375;302776;1519562;219758.4;1014.53;10;4;2;0;0
147;17/7/2006;2;5;12;13;21;23;22;11;1;10;6;25;4;19;16;0;3;624;25125;278315;1546507;472583.65;973.73;10;4;2;0;0
148;24/7/2006;5;22;24;2;1;12;8;21;16;25;20;9;13;4;17;0;17;1024;23278;276551;1552055;84381.14;598.09;10;4;2;0;0
149;1/8/2006;24;19;2;17;16;9;25;5;20;18;13;10;15;23;7;0;5;616;22974;303309;1711630;235870.42;820.52;10;4;2;0;0
150;7/8/2006;21;7;11;5;8;19;1;25;6;22;24;14;23;9;3;0;1;333;15291;253716;1446824;1641679.38;2112.84;10;4;2;0;0
151;14/8/2006;18;10;13;11;3;9;12;4;23;7;24;16;14;5;20;0;5;626;23014;277803;1417099;333476.48;1141.52;10;4;2;0;0
152;21/8/2006;23;3;25;6;19;22;24;15;7;17;8;13;20;4;5;0;3;749;23507;300483;1517767;435453.14;744.65;10;4;2;0;0
153;28/8/2006;13;21;5;25;8;20;23;12;11;4;1;18;2;24;17;0;8;958;30251;365810;1713398;130468.18;465.16;10;4;2;0;0
154;4/9/2006;18;9;16;5;15;24;23;10;1;11;14;6;13;3;2;0;1;604;27326;262834;1558936;1415829.77;1004.61;10;4;2;0;0
155;11/9/2006;15;10;16;14;8;11;19;2;21;20;18;4;5;22;24;0;0;559;22378;250331;1242889;0;1352.92;10;4;2;1764652.94;0
156;18/9/2006;3;8;9;15;13;10;12;4;23;20;22;1;19;11;14;0;7;606;23142;344899;1779082;544973.94;1449.91;10;4;2;0;0
157;25/9/2006;10;14;2;18;25;9;21;7;24;1;16;6;4;12;19;0;9;1164;27968;294624;1457786;184264.18;608.27;10;4;2;0;0
158;2/10/2006;11;15;22;17;12;23;2;7;16;18;19;9;20;10;8;0;2;379;14044;227436;1333606;903537.47;2043.43;10;4;2;0;0
159;9/10/2006;11;2;1;3;17;15;25;10;24;14;4;6;8;5;20;0;2;699;23036;296027;1584286;703307.5;862.43;10;4;2;0;0
160;16/10/2006;15;14;3;12;16;24;19;21;20;17;10;4;9;1;11;0;3;343;15261;208539;1221736;597551.18;2239.89;10;4;2;0;0
161;19/10/2006;21;24;1;8;20;17;25;18;11;5;15;23;22;16;13;0;0;611;15775;239227;918806;0;331.96;10;4;2;475058.19;1.800.000,00
162;23/10/2006;3;1;12;6;20;11;5;16;24;2;8;23;13;4;18;0;5;473;17329;259119;1359430;326388.9;1048.22;10;4;2;0;0
163;26/10/2006;21;3;14;6;2;1;25;9;15;13;20;24;23;7;5;0;3;301;14090;182825;1000015;264578.33;1130.14;10;4;2;0;0
164;30/10/2006;1;11;14;5;15;10;2;6;21;18;3;24;8;23;22;0;1;350;14833;215986;1200787;1166134.45;1427.92;10;4;2;0;0
165;3/11/2006;9;1;19;13;14;4;12;15;25;2;22;8;18;17;6;0;2;474;15818;152856;784846;370695.33;667.8;10;4;2;0;0
166;6/11/2006;18;3;9;21;19;22;8;15;10;23;14;2;20;4;13;0;39;1363;18402;206939;965304;30597.68;373.8;10;4;2;0;0
167;9/11/2006;18;10;1;13;19;9;16;14;24;2;6;3;22;8;23;0;3;531;16831;202659;1017291;302468.28;729.59;10;4;2;0;0
168;13/11/2006;1;7;20;4;19;12;24;3;15;17;16;2;10;23;22;0;1;386;15449;205259;1185853;1467158.17;1628.97;10;4;2;0;0
169;16/11/2006;4;16;24;6;8;11;15;10;1;21;5;12;9;7;20;0;0;239;8661;119123;733474;0;1973.03;10;4;2;1100295.03;0
170;21/11/2006;7;22;25;4;13;23;6;5;1;20;3;10;18;8;16;0;1;614;25288;329486;1467483;2382496.82;894.98;10;4;2;0;0
171;23/11/2006;24;3;25;10;17;13;16;22;15;4;1;23;12;11;21;0;4;268;9173;148445;853294;214073.05;1369.34;10;4;2;0;0
172;27/11/2006;2;18;9;11;7;13;6;1;4;25;12;20;21;22;10;0;1;491;15871;198340;1108489;1294736.87;1130.12;10;4;2;0;0
173;30/11/2006;2;5;11;23;22;15;8;24;20;21;19;3;7;4;25;0;0;245;10219;148861;869873;0;1729.59;10;4;2;988749.6;0
174;4/12/2006;4;7;13;23;10;20;2;9;1;15;24;17;12;25;11;0;11;1312;35908;358227;1677488;164220.21;266.09;10;4;2;0;0
175;7/12/2006;7;11;2;14;18;5;21;19;16;3;15;12;24;13;6;0;2;267;11214;149794;846444;640155.35;2055.07;10;4;2;0;0
176;11/12/2006;12;25;15;21;10;4;24;16;11;13;18;2;22;17;23;0;1;807;33717;236870;1292800;1219699.48;645.28;10;4;2;0;0
177;14/12/2006;24;16;11;13;6;19;2;17;7;8;15;20;10;23;21;0;2;513;17607;189127;1003314;561611.08;938.37;10;4;2;0;0
178;18/12/2006;6;3;21;25;10;20;19;23;9;4;8;2;24;16;14;0;1;283;13048;190022;1115303;1521659.37;2304.38;10;4;2;0;0
179;21/12/2006;2;15;17;3;22;19;14;7;23;25;5;4;24;9;13;0;6;1085;31036;321695;1307885;82980.1;195.92;10;4;2;0;0
180;26/12/2006;2;4;11;20;17;25;24;7;1;5;3;10;15;6;8;0;13;7687;18027;183658;1062910;68697.01;49.61;10;4;2;0;0
181;28/12/2006;1;16;22;5;20;7;23;8;15;4;6;14;17;19;21;0;2;360;9926;121305;708743;648701.32;1544.53;10;4;2;0;0
182;2/1/2007;11;22;8;19;17;3;2;14;25;9;7;21;13;23;4;0;7;928;23347;253900;1053677;83505.82;268.93;10;4;2;0;0
183;4/1/2007;8;7;6;13;23;11;19;21;16;25;14;20;24;2;4;0;4;424;13906;182663;839141;218236.04;882.35;10;4;2;0;0
184;8/1/2007;3;17;7;23;11;15;8;1;19;21;25;16;18;9;10;0;3;423;43275;270561;1208438;282071.9;857.36;10;4;2;0;0
185;11/1/2007;20;19;25;6;1;15;23;8;12;9;11;4;7;2;17;0;3;489;16699;211910;1027602;298398.38;781.59;10;4;2;0;0
186;15/1/2007;16;25;23;22;13;5;6;19;24;17;2;18;4;11;12;0;2;338;13786;217999;1189905;628034.83;1592.65;10;4;2;0;0
187;18/1/2007;21;25;12;1;16;3;13;24;11;17;19;15;23;22;18;0;2;636;53783;192863;1064100;374968.4;503.43;10;4;2;0;0
188;22/1/2007;16;19;20;10;25;24;22;8;13;5;11;23;21;2;3;0;6;515;19440;252304;1384753;167.432,00;836;10;4;2;0;0
189;25/1/2007;9;13;5;18;23;19;16;22;1;2;7;4;20;6;24;0;2;324;16766;159294;930299;497279.18;1315.56;10;4;2;0;0
190;29/1/2007;16;11;13;15;23;24;8;1;5;18;4;19;3;7;14;0;3;583;19039;240715;1257119;350459.97;769.96;10;4;2;0;0
191;1/2/2007;23;9;18;5;19;20;8;2;22;10;13;21;15;17;12;0;1;412;15024;213016;997044;964343.13;1003.13;10;4;2;0;0
192;5/2/2007;24;11;1;13;3;6;16;4;15;22;2;23;14;5;21;0;3;754;34386;197879;1082451;435921.62;740.51;10;4;2;0;0
193;8/2/2007;14;16;21;2;9;19;20;3;4;10;25;1;15;5;8;0;2;316;11974;141482;846030;670419.19;1818.5;10;4;2;0;0
194;12/2/2007;23;14;22;25;12;18;8;9;13;15;2;21;17;7;10;0;1;354;14957;233715;1231332;1197208.94;1449.4;10;4;2;0;0
195;15/2/2007;4;3;14;22;19;17;9;12;18;7;23;8;11;2;6;0;10;1073;38496;230650;1015550;86522.69;344.28;10;4;2;0;0
196;22/2/2007;22;24;10;15;16;25;20;14;17;5;2;4;23;19;3;0;1;323;13239;208826;1170750;1278818.47;1696.8;10;4;2;0;0
197;26/2/2007;9;13;23;20;3;6;10;5;22;4;8;12;7;18;21;0;4;451;16365;189310;1075584;327278.19;1244.01;10;4;2;0;0
198;1/3/2007;25;1;6;2;13;7;18;21;14;4;15;20;5;17;16;0;3;283;10301;141305;840903;409715.3;1861.4;10;4;2;0;0
199;5/3/2007;23;2;6;11;22;20;4;3;15;5;1;9;21;12;19;0;1;381;13664;178579;1124850;1321388.89;1486.38;10;4;2;0;0
200;8/3/2007;16;8;9;5;23;11;13;12;4;14;15;2;1;21;24;0;2;280;12673;191340;1015452;519190.74;1589.36;10;4;2;0;0
201;12/3/2007;10;15;8;19;2;11;12;5;20;1;22;4;13;9;14;0;4;614;22333;262852;1261685;262.310,00;729.59;10;4;2;0;0
202;15/3/2007;5;14;23;19;24;10;17;11;1;21;22;13;16;3;18;0;0;269;12150;175505;1105371;0;1703.36;10;4;2;1.069.138,00;0
203;19/3/2007;24;2;4;5;12;13;1;3;23;18;6;7;25;14;17;0;15;1447;32382;318444;1557370;151893.08;356.8;10;4;2;0;0
204;22/3/2007;8;25;16;17;23;22;5;15;4;7;24;2;14;3;11;0;4;566;20023;239733;1095166;233188.57;703.6;10;4;2;0;0
205;26/3/2007;21;4;18;12;22;10;2;16;17;11;3;15;25;14;9;0;1;322;11225;159125;963861;1651759.41;2198.44;10;4;2;0;0
206;29/3/2007;22;9;5;16;15;3;13;8;21;2;12;17;11;20;14;0;2;270;10506;142271;908597;590228.22;1873.74;10;4;2;0;0
207;2/4/2007;4;12;6;1;15;10;19;3;14;9;17;2;13;22;20;0;1;364;14813;231395;1202103;1211903.7;1426.89;10;4;2;0;0
208;5/4/2007;24;19;16;7;3;12;23;6;9;10;4;1;14;11;15;0;2;381;12101;149390;870271;534367.26;1202.18;10;4;2;0;0
209;9/4/2007;24;1;19;22;25;3;10;15;14;6;5;18;21;7;9;0;3;267;11913;161154;926604;425084.14;2046.96;10;4;2;0;0
210;12/4/2007;15;16;7;14;18;22;10;13;23;11;3;24;9;21;5;0;2;533;18516;224602;1065835;467257.17;748.57;10;4;2;0;0
211;16/4/2007;17;1;10;12;2;6;8;4;24;18;14;22;11;16;25;0;12;2051;36077;258629;1136150;92363.73;230.72;10;4;2;0;0
212;19/4/2007;16;6;19;22;3;1;20;11;10;14;8;23;4;9;12;0;3;497;18605;187834;953316;356439.49;922.09;10;4;2;0;0
213;23/4/2007;16;1;10;21;5;4;9;23;8;3;24;25;11;18;19;0;0;331;13114;188730;1138481;0;1367.72;10;4;2;1056335.44;0
214;26/4/2007;2;14;4;18;9;24;11;1;13;19;3;22;25;20;15;0;2;386;21187;225619;1305857;1099865.39;1269.5;10;4;2;0;0
215;30/4/2007;17;15;3;12;25;9;19;23;11;4;7;14;5;18;1;0;4;1009;35510;302969;1254385;160486.33;271.64;10;4;2;0;0
216;3/5/2007;11;9;17;13;21;6;4;25;24;5;3;7;19;2;10;0;3;479;17238;215394;1040245;292829.11;783.02;10;4;2;0;0
217;7/5/2007;6;16;4;5;12;19;11;25;10;21;7;2;9;17;3;0;2;548;39451;196007;1096546;641708.91;1003.71;10;4;2;0;0
218;10/5/2007;21;25;15;17;11;22;2;16;8;13;14;12;5;20;7;0;1;349;20284;151533;942198;1295114.22;1590.4;10;4;2;0;0
219;14/5/2007;19;24;3;22;2;17;11;18;25;16;23;8;9;14;6;0;1;334;14810;202799;1139236;1321125.73;1695.2;10;4;2;0;0
220;17/5/2007;21;16;5;25;13;23;24;10;20;18;14;9;15;12;17;0;0;275;12225;180556;912407;0;1847.51;10;4;2;1185483.63;2.500.000,00
221;21/5/2007;6;1;17;7;21;12;3;23;16;20;2;8;19;10;25;0;2;382;16379;218172;1280912;1431076.01;1881.08;10;4;2;0;1.000.000,00
222;24/5/2007;5;15;21;4;23;12;7;8;24;22;6;18;1;3;9;0;1;232;9982;160368;915510;1137537.2;2101.36;10;4;2;0;1.000.000,00
223;28/5/2007;9;23;14;22;2;24;11;7;10;13;16;21;4;12;20;0;0;371;15354;198520;1110738;0;1478.5;10;4;2;1279890.48;2.500.000,00
224;31/5/2007;24;9;8;4;19;11;21;13;18;20;15;23;10;6;12;0;4;364;14879;202689;1195711;674947.7;1671.79;10;4;2;0;1.400.000,00
225;4/6/2007;15;25;8;1;23;3;5;13;2;19;14;20;22;7;18;0;3;912;29008;279442;1416966;314688.25;441.96;10;4;2;0;1.000.000,00
226;8/6/2007;20;5;19;14;13;10;8;15;17;21;18;4;16;11;25;0;1;238;9088;135676;887477;1033333.31;1860.74;10;4;2;0;1.000.000,00
227;11/6/2007;10;18;20;21;5;17;14;12;19;7;22;15;9;1;8;0;3;313;12127;168590;958513;426727.9;1752.87;10;4;2;0;1.000.000,00
228;14/6/2007;14;15;19;17;11;4;20;16;13;25;12;24;18;2;10;0;7;510;12306;199913;991171;162006.7;952.98;10;4;2;0;1.000.000,00
229;18/6/2007;9;6;25;15;20;12;16;14;11;10;17;23;8;13;2;0;3;322;12883;210219;1189925;451708.06;1803.62;10;4;2;0;1.000.000,00
230;21/6/2007;6;1;4;24;17;22;8;11;2;5;15;13;14;3;10;0;1;656;21649;267144;1107051;912992.46;594.21;10;4;2;0;1.100.000,00
231;25/6/2007;24;17;19;12;21;1;5;18;10;2;7;15;25;6;16;0;1;366;14413;170116;1009785;1574316.19;1843.46;10;4;2;0;1.100.000,00
232;28/6/2007;11;24;21;23;14;25;16;13;12;4;5;17;6;9;18;0;1;252;10957;164814;946981;1197922.11;2037.28;10;4;2;0;1.100.000,00
233;2/7/2007;1;14;7;3;13;2;6;8;12;5;21;17;9;19;4;0;8;820;24183;291569;1234674;122409.35;509.88;10;4;2;0;1.000.000,00
234;5/7/2007;11;14;1;5;2;12;3;4;13;17;24;9;15;21;22;0;1;676;39252;226627;1231982;889594.53;561.85;10;4;2;0;1.000.000,00
235;9/7/2007;21;13;24;14;18;17;8;16;12;23;19;15;1;25;10;0;4;475;16531;263639;1103205;248234.57;895.89;10;4;2;0;1.000.000,00
236;12/7/2007;1;13;3;22;25;23;5;16;4;9;12;15;8;7;21;0;0;359;16808;225582;1248389;0;1298.37;10;4;2;1087600.01;2.500.000,00
237;16/7/2007;13;12;7;6;5;19;23;16;4;20;22;9;18;15;21;0;5;759;22024;267999;1388224;545832.17;926.91;10;4;2;0;1.000.000,00
238;19/7/2007;11;17;19;24;20;13;6;21;4;12;1;14;23;15;3;0;1;319;12604;177262;1112538;1158825.53;1556.87;10;4;2;0;1.000.000,00
239;23/7/2007;7;13;9;14;25;15;10;22;1;23;16;3;6;19;5;0;4;736;22562;264149;1294387;268193.92;622.31;10;4;2;0;1.000.000,00
240;26/7/2007;2;10;9;23;19;15;1;13;22;4;11;18;14;16;21;0;1;395;14664;181955;1027526;1076749.8;1168.26;10;4;2;0;1.000.000,00
241;30/7/2007;14;5;23;24;13;15;21;8;12;9;25;4;17;20;3;0;6;550;18840;248779;1368593;162955.29;758.98;10;4;2;0;1.000.000,00
242;2/8/2007;13;2;21;19;8;15;17;6;22;14;9;16;18;23;5;0;2;500;16629;210405;1126014;553900.01;949.54;10;4;2;0;1.000.000,00
243;6/8/2007;5;3;13;25;7;23;16;21;18;1;20;4;2;12;17;0;0;395;15691;239166;1305797;0;1431.01;10;4;2;1318918.79;2.800.000,00
244;9/8/2007;6;12;10;24;11;7;18;15;3;22;5;14;20;21;9;0;4;654;22161;252057;1277102;761115.43;1130.76;10;4;2;0;1.200.000,00
245;13/8/2007;11;24;10;19;18;12;14;25;1;9;2;15;6;7;16;0;1;397;17309;203970;1148741;1602862.09;1730.33;10;4;2;0;1.000.000,00
246;16/8/2007;8;7;25;24;1;5;9;21;18;15;17;12;10;4;13;0;2;646;17875;209948;1210961;514572.62;680.17;10;4;2;0;1.000.000,00
247;20/8/2007;1;22;7;8;14;4;2;25;3;17;15;16;23;19;9;0;1;746;22515;262704;1367044;1100400.4;629.77;10;4;2;0;1.000.000,00
248;23/8/2007;25;10;12;8;5;2;11;20;21;1;16;19;9;13;15;0;5;568;18679;213407;1182527;205597.54;772.71;10;4;2;0;1.200.000,00
249;27/8/2007;23;5;21;14;18;12;7;15;8;4;25;9;22;17;10;0;4;456;20710;240312;1246804;300690.74;1130.42;10;4;2;0;1.000.000,00
250;30/8/2007;19;13;2;5;23;9;3;10;15;17;16;18;21;12;1;0;1;456;20409;248997;1315442;729124.59;682.67;10;4;2;0;1.200.000,00
251;3/9/2007;21;13;19;15;23;18;22;9;4;25;16;10;3;5;6;0;3;546;18852;250206;1373895;388791.25;915.52;10;4;2;0;1.200.000,00
252;6/9/2007;2;6;18;25;15;11;24;23;3;22;17;4;19;14;8;0;1;578;23054;215463;1143748;1145268.64;849.19;10;4;2;0;1.000.000,00
253;10/9/2007;22;4;19;5;21;23;6;1;18;11;12;15;8;13;7;0;3;467;15696;205230;1103731;384999.07;1059.96;10;4;2;0;1.000.000,00
254;13/9/2007;20;2;23;6;5;14;15;9;8;3;7;11;16;13;4;0;4;344;14579;247017;1172541;309239.02;1541.06;10;4;2;0;1.200.000,00
255;17/9/2007;17;3;4;1;2;14;15;10;9;16;22;24;6;21;23;0;3;426;13725;186470;1138744;574134.62;1732.8;10;4;2;0;1.200.000,00
256;20/9/2007;1;12;10;9;16;8;18;20;7;2;6;22;13;15;24;0;6;458;17563;205198;1057444;219836.27;1234.27;10;4;2;0;1.200.000,00
257;24/9/2007;22;10;12;9;7;18;13;6;1;16;3;24;14;17;19;0;2;600;20544;242288;1285535;656028.71;937.19;10;4;2;0;1.200.000,00
258;27/9/2007;13;20;12;4;2;25;22;24;19;21;9;6;14;5;17;0;6;877;21971;214688;1070083;198893.58;580.96;10;4;2;0;1.200.000,00
259;1/10/2007;10;25;18;15;6;21;22;20;7;3;8;9;24;19;5;0;0;293;15192;173008;1099965;0;2477.16;10;4;2;1693556.25;3.000.000,00
260;4/10/2007;24;11;5;19;7;20;9;18;14;3;13;8;1;6;4;0;1;422;19243;268373;1601008;3407439.83;1740.58;10;4;2;0;1.200.000,00
261;8/10/2007;4;2;16;15;25;6;11;21;5;17;19;20;7;13;1;0;2;599;27065;281319;1393103;650009.12;930.14;10;4;2;0;1.200.000,00
262;11/10/2007;8;21;12;20;3;14;13;7;9;24;15;23;4;17;6;0;1;461;23646;215284;1197030;1189723.12;1106.03;10;4;2;0;1.100.000,00
263;15/10/2007;23;19;8;15;16;11;7;21;24;9;10;1;18;4;14;0;0;550;17780;199155;1014306;0;963.09;10;4;2;1235966.89;3.000.000,00
264;18/10/2007;8;3;25;6;22;9;13;23;20;4;16;19;1;12;21;0;6;748;21472;254846;1382097;468787.91;903.42;10;4;2;0;1.200.000,00
265;22/10/2007;7;12;22;5;19;11;18;8;13;16;17;24;1;20;15;0;0;366;15895;206626;1269650;0;1649.5;10;4;2;1408672.99;3.000.000,00
266;25/10/2007;18;21;3;19;4;14;24;22;5;6;7;9;11;1;15;0;5;819;28035;294716;1476164;574831.7;763.96;10;4;2;0;1.200.000,00
267;29/10/2007;15;11;23;9;12;6;14;13;17;24;21;2;5;4;3;0;2;580;25552;296938;1419919;512949.16;755.18;10;4;2;0;1.300.000,00
268;1/11/2007;25;23;8;15;9;16;20;12;7;18;6;19;5;10;14;0;1;458;15704;216481;1132430;1270248.98;1188.63;10;4;2;0;1.200.000,00
269;5/11/2007;22;2;1;4;13;15;18;19;24;23;10;16;17;6;14;0;1;357;13740;208513;1166041;1330336.28;1597.04;10;4;2;0;1.300.000,00
270;8/11/2007;16;1;14;5;9;18;8;3;6;25;7;19;23;4;24;0;0;456;18099;265177;1328618;0;1086.78;10;4;2;1156332.26;3.000.000,00
271;12/11/2007;19;11;5;16;24;20;25;6;4;12;8;1;21;2;18;0;6;449;19649;247576;1409801;513005.15;1834.26;10;4;2;0;1.200.000,00
272;16/11/2007;25;15;12;1;4;9;13;24;8;17;5;20;11;23;2;0;6;872;27833;240292;1166264;131266.52;385.62;10;4;2;0;1.200.000,00
273;19/11/2007;16;5;21;7;12;20;1;15;24;18;25;10;19;17;6;0;2;4551;12563;161163;1034372;724498.58;135.95;10;4;2;0;1.300.000,00
274;22/11/2007;15;25;5;23;10;2;7;12;17;14;11;21;6;20;4;0;4;645;18874;202897;1037963;312825.36;831.43;10;4;2;0;1.200.000,00
275;26/11/2007;6;9;12;22;1;10;15;5;14;17;20;3;18;11;8;0;2;657;19774;226330;1222935;658502.59;859.11;10;4;2;0;1.000.000,00
276;29/11/2007;2;7;17;5;18;12;22;3;25;13;20;4;11;19;10;0;3;312;14987;188284;1058898;411743.68;1696.75;10;4;2;0;1.400.000,00
277;3/12/2007;16;24;13;2;17;10;9;11;21;4;23;14;25;22;12;0;4;525;22011;213076;1251270;344720.36;1125.62;10;4;2;0;1.000.000,00
278;6/12/2007;12;9;2;3;21;19;1;23;5;15;11;17;13;6;25;0;25;4310;76727;426871;1443593;14182.21;35.13;10;4;2;0;1.000.000,00
279;10/12/2007;12;10;3;17;18;6;5;23;1;2;22;19;11;9;13;0;3;804;23945;306944;1412942;384377.54;612.34;10;4;2;0;1.000.000,00
280;13/12/2007;9;25;20;10;19;24;5;13;16;3;17;11;6;15;4;0;7;1779;17395;224021;1249554;186308.88;312.99;10;4;2;0;1.200.000,00
281;17/12/2007;4;1;10;23;12;2;25;17;19;8;11;9;14;3;15;0;6;683;24788;310715;1611578;166444.42;624.27;10;4;2;0;1.000.000,00
282;20/12/2007;25;7;3;21;11;20;16;13;8;4;15;12;19;22;2;0;5;474;14750;190462;1120400;311399.2;1407.77;10;4;2;0;1.000.000,00
283;22/12/2007;24;22;10;13;4;20;6;1;11;9;23;12;8;2;19;0;5;359;11743;140718;677731;125730.62;747.63;10;4;2;0;1.000.000,00
284;27/12/2007;23;5;22;7;21;12;25;13;1;11;15;17;3;6;19;0;7;3392;89618;409708;1452685;51508.88;45.39;10;4;2;0;1.200.000,00
285;29/12/2007;11;16;8;10;14;1;4;5;15;22;9;12;19;13;23;0;3;338;13308;131095;794186;231166.67;879.33;10;4;2;0;1.300.000,00
286;3/1/2008;25;1;23;21;7;4;11;9;12;2;13;10;24;19;3;0;3;729;27687;296552;1434986;224820.4;396.51;10;4;2;0;1.200.000,00
287;7/1/2008;15;21;6;23;2;10;22;25;7;17;16;5;18;13;12;0;5;528;17308;223741;1228506;270692.9;1098.59;10;4;2;0;1.200.000,00
288;10/1/2008;18;15;6;19;2;10;3;14;25;9;24;1;4;13;12;0;1;504;18396;224846;1284701;1112109.33;945.67;10;4;2;0;1.200.000,00
289;14/1/2008;4;8;1;3;10;19;2;14;6;9;17;15;12;24;22;0;14;1421;34554;333071;1433297;63211.34;266.9;10;4;2;0;1.300.000,00
290;17/1/2008;17;9;13;2;23;14;11;20;22;7;6;12;1;21;5;0;5;437;15046;198722;1215690;244730.42;1200.05;10;4;2;0;1.200.000,00
291;21/1/2008;14;8;15;10;1;5;17;24;2;12;7;13;23;20;11;0;5;554;19853;244168;1365109;236637.79;915.31;10;4;2;0;1.300.000,00
292;24/1/2008;21;3;24;7;17;5;2;11;13;9;22;12;25;16;8;0;1;513;17502;203845;1145496;1210021.45;1010.88;10;4;2;0;1.200.000,00
293;28/1/2008;14;12;3;9;25;22;13;24;2;6;1;23;18;15;19;0;3;722;40725;266109;1420232;311274.88;554.31;10;4;2;0;1.200.000,00
294;31/1/2008;11;16;24;4;20;2;1;5;7;3;8;12;15;23;25;0;3;451;14533;198742;1146969;423387.36;1206.99;10;4;2;0;1.300.000,00
295;7/2/2008;25;24;6;23;15;10;3;21;13;18;2;4;19;17;16;0;2;336;16242;237731;1327959;710326.08;1812.06;10;4;2;0;1.200.000,00
296;11/2/2008;16;18;14;6;22;11;15;19;2;25;7;3;12;8;17;0;5;319;12612;181976;1088291;317206.8;2130.81;10;4;2;0;1.200.000,00
297;14/2/2008;23;10;25;24;1;21;15;9;8;16;4;22;14;7;12;0;0;267;11711;165948;1000928;0;2388.76;10;4;2;1488197.27;3.000.000,00
298;18/2/2008;1;6;7;16;4;24;21;8;13;3;11;15;14;12;22;0;2;421;15894;227004;1522778;1712831.75;1972.31;10;4;2;0;1.200.000,00
299;21/2/2008;10;20;3;24;23;6;17;8;22;13;7;5;19;18;21;0;1;261;13134;195795;1051550;1400709.24;2300.02;10;4;2;0;1.200.000,00
300;25/2/2008;7;21;9;4;11;23;19;17;3;12;8;25;20;15;22;0;5;671;20196;258453;1332471;236323.91;754.71;10;4;2;0;1.200.000,00
301;28/2/2008;2;9;11;3;17;13;12;19;20;15;22;23;18;8;14;0;4;654;20814;274101;1312404;207255.79;543.27;10;4;2;0;1.200.000,00
302;3/3/2008;18;20;9;6;11;25;2;16;15;14;4;22;12;10;5;0;9;906;26568;243704;1152753;154317.67;656.98;10;4;2;0;1.200.000,00
303;6/3/2008;6;22;18;21;12;24;23;20;15;17;2;8;3;16;4;0;3;343;15661;203428;1079262;452508.66;1696.2;10;4;2;0;1.200.000,00
304;10/3/2008;1;15;22;16;14;4;18;17;12;21;20;25;5;3;19;0;0;259;9066;148763;997021;0;2902.1;10;4;2;1753836.94;3.000.000,00
305;13/3/2008;20;10;25;4;3;18;22;21;2;8;11;12;5;24;13;0;3;584;21381;283628;1490712;1088299.38;1108.9;10;4;2;0;1.200.000,00
306;17/3/2008;25;5;13;4;2;8;20;1;11;16;18;12;14;15;19;0;0;320;17342;202597;1229254;0;1852.02;10;4;2;1382844.08;2.700.000,00
307;20/3/2008;20;9;12;14;23;17;21;24;19;1;3;10;15;4;6;0;22;1413;32008;275894;1240760;120368.22;383.76;10;4;2;0;1.100.000,00
308;24/3/2008;23;1;21;16;24;19;5;25;12;13;22;4;18;2;15;0;2;409;15693;236924;1225502;506005.32;1060.44;10;4;2;0;1.200.000,00
309;27/3/2008;3;13;22;10;16;21;1;9;14;20;4;8;17;24;2;0;2;404;12892;173688;990478;694576.96;1473.64;10;4;2;0;1.200.000,00
310;31/3/2008;11;14;21;10;3;24;18;19;9;15;23;16;5;2;17;0;1;425;15440;201420;1160428;1396694.91;1408.43;10;4;2;0;1.100.000,00
311;3/4/2008;23;5;24;12;17;10;25;2;14;16;20;19;15;7;4;0;9;651;23806;225341;1142240;133572.09;791.41;10;4;2;0;1.200.000,00
312;7/4/2008;22;8;9;18;2;17;10;19;1;16;25;11;13;12;6;0;1;386;16143;211127;1238109;1458512.89;1619.37;10;4;2;0;1.200.000,00
313;10/4/2008;7;6;14;23;17;12;15;19;10;16;9;25;2;3;18;0;3;456;18119;231723;1255491;381993.94;1077.05;10;4;2;0;1.200.000,00
314;14/4/2008;21;5;11;1;8;19;2;22;9;20;6;12;14;13;15;0;1;468;17436;212788;1261900;1364366.67;1249.42;10;4;2;0;1.200.000,00
315;17/4/2008;16;13;11;23;5;6;21;17;8;2;24;3;20;14;19;0;10;1080;21712;211835;1071147;125445.39;497.8;10;4;2;0;1.200.000,00
316;22/4/2008;8;19;6;14;4;3;24;23;1;13;12;15;10;18;7;0;1;434;16372;199719;1101192;847060.95;836.47;10;4;2;0;1.100.000,00
317;24/4/2008;21;5;8;4;11;1;22;2;25;14;18;16;9;24;19;0;3;461;16254;179587;952067;367450.06;1024.8;10;4;2;0;1.100.000,00
318;28/4/2008;11;21;12;14;6;4;16;15;13;25;5;3;18;23;9;0;4;429;18173;221406;1258488;290530.52;1160.96;10;4;2;0;1.200.000,00
319;2/5/2008;14;24;6;9;4;8;3;16;23;1;19;10;20;12;17;0;7;751;27120;187666;917589;129225.31;516.21;10;4;2;0;1.100.000,00
320;5/5/2008;19;15;12;17;11;18;1;25;3;22;9;21;14;6;23;0;3;493;17434;234131;1229263;316958.56;826.61;10;4;2;0;1.200.000,00
321;8/5/2008;17;20;12;25;9;24;14;3;10;2;4;13;11;16;18;0;1;363;15732;193924;1100213;1308152.15;1544.46;10;4;2;0;1.200.000,00
322;12/5/2008;1;12;13;2;16;23;3;7;5;20;17;18;15;24;21;0;2;509;22083;228275;1286179;606827.96;1021.89;10;4;2;0;1.200.000,00
323;15/5/2008;4;17;2;21;14;1;3;20;6;7;10;25;23;9;19;0;1;362;15703;205418;1101654;1207120.36;1429.11;10;4;2;0;1.200.000,00
324;19/5/2008;21;10;2;23;8;1;24;16;6;4;7;12;9;3;20;0;4;290;11630;189382;1109531;377040.37;2228.81;10;4;2;0;1.200.000,00
325;23/5/2008;25;10;22;20;23;5;4;6;2;14;24;19;7;15;1;0;0;256;10643;149581;880526;0;2041.78;10;4;2;1219620.39;2.500.000,00
326;26/5/2008;25;7;24;6;15;13;12;10;1;18;8;11;4;17;2;0;3;502;18802;238352;1338497;845942.74;1125.39;10;4;2;0;1.100.000,00
327;29/5/2008;19;8;4;14;3;16;1;15;13;12;17;21;23;2;18;0;4;418;16121;223081;1259895;241255.81;989.43;10;4;2;0;1.200.000,00
328;2/6/2008;13;2;25;23;19;11;12;22;18;24;4;5;3;15;21;0;2;658;45227;246938;1427296;557712.09;726.51;10;4;2;0;1.200.000,00
329;5/6/2008;18;21;8;20;24;9;1;14;4;23;25;3;17;2;13;0;5;606;21890;268768;1374725;214440.72;758.28;10;4;2;0;1.100.000,00
330;9/6/2008;15;19;24;25;2;12;14;5;9;22;23;1;18;17;6;0;5;738;31136;296602;1469456;232346.13;674.64;10;4;2;0;1.300.000,00
331;12/6/2008;16;15;13;19;5;23;3;18;1;7;6;22;21;25;12;0;7;1215;32125;300389;1421050;126426.54;312.16;10;4;2;0;1.200.000,00
332;16/6/2008;3;2;11;21;20;12;6;5;19;7;23;24;14;10;25;0;4;511;17926;215746;1219635;392555.41;1316.94;10;4;2;0;1.300.000,00
333;19/6/2008;16;2;13;25;9;14;1;6;21;15;5;23;18;12;11;0;13;847;29908;259841;1376784;69149.3;454.85;10;4;2;0;1.200.000,00
334;23/6/2008;17;8;13;15;11;22;21;6;1;2;18;23;25;7;16;0;5;564;27218;227334;1327880;249447.01;947.75;10;4;2;0;1.100.000,00
335;26/6/2008;16;14;21;9;6;17;8;3;20;19;1;12;11;7;4;0;3;365;13738;188747;1009236;469504.44;1653.83;10;4;2;0;1.200.000,00
336;30/6/2008;10;15;16;11;3;25;1;14;19;5;22;2;17;6;8;0;7;655;21173;230794;1182316;199505.51;913.76;10;4;2;0;1.100.000,00
337;3/7/2008;3;11;7;8;23;4;19;16;9;5;1;18;22;10;12;0;3;448;16514;211919;1140661;433926.54;1245.33;10;4;2;0;1.300.000,00
338;7/7/2008;16;4;7;19;9;3;5;21;20;15;25;17;6;14;12;0;2;487;18303;246771;1287428;721253.58;1269.44;10;4;2;0;1.300.000,00
339;10/7/2008;13;19;1;23;18;16;15;5;22;20;24;21;8;2;10;0;4;592;20706;240542;1259730;296278.06;857.95;10;4;2;0;1.300.000,00
340;14/7/2008;14;4;19;2;8;21;20;25;11;10;6;9;5;22;3;0;1;327;12947;186327;1169660;1687296.66;2211.4;10;4;2;0;1.300.000,00
341;17/7/2008;20;5;21;12;11;7;16;19;18;13;22;1;25;24;9;0;1;470;18651;218671;1192125;1260439.81;1149.34;10;4;2;0;1.300.000,00
342;21/7/2008;8;3;11;25;23;12;21;15;1;4;20;13;16;19;22;0;3;526;22656;244613;1441615;385.056,00;941.2;10;4;2;0;1.300.000,00
343;24/7/2008;20;15;11;25;6;8;18;12;13;16;14;19;22;3;5;0;1;377;16379;212523;1239600;1130781.71;1285.47;10;4;2;0;1.300.000,00
344;28/7/2008;11;16;9;20;25;24;5;3;12;10;15;13;4;21;6;0;3;504;19170;205613;1218349;482078.39;1229.79;10;4;2;0;1.300.000,00
345;31/7/2008;23;25;9;24;20;2;12;16;19;14;15;7;18;11;21;0;2;487;17730;243678;1169691;623887.52;1098.07;10;4;2;0;1.200.000,00
346;4/8/2008;14;10;23;5;12;6;8;17;24;18;15;2;1;21;3;0;9;1172;30597;286722;1426264;136257.48;448.43;10;4;2;0;1.300.000,00
347;7/8/2008;15;24;19;3;18;14;25;12;20;9;10;11;5;8;7;0;1;472;17632;233556;1280973;1352922.32;1228.44;10;4;2;0;1.000.000,00
348;11/8/2008;14;8;20;19;12;25;1;7;18;24;2;17;5;22;21;0;3;513;19748;237771;1287333;492793.03;1235.07;10;4;2;0;1.300.000,00
349;14/8/2008;7;8;17;20;22;12;1;16;2;19;25;24;5;14;18;0;32;27396;28850;241867;1224170;36966.12;18.51;10;4;2;0;1.200.000,00
350;18/8/2008;23;9;1;14;13;7;15;4;25;22;12;8;6;2;3;0;6;469;16607;278066;1360066;218458.22;1197.76;10;4;2;0;1.200.000,00
351;21/8/2008;7;1;12;3;24;18;23;5;19;2;14;11;10;17;16;0;2;407;17560;231726;1290054;615440.05;1296.12;10;4;2;0;1.100.000,00
352;25/8/2008;3;1;15;13;6;20;17;24;19;2;12;22;4;9;18;0;2;565;23106;259188;1343684;657121.53;996.9;10;4;2;0;1.100.000,00
353;28/8/2008;18;23;19;8;12;2;9;11;3;21;22;20;13;17;7;0;14;2000;44131;289622;1252694;67443.44;202.33;10;4;2;0;1.300.000,00
354;1/9/2008;23;22;9;10;8;19;17;12;1;2;18;21;4;16;7;0;1;436;16846;236753;1379307;1466707.15;1441.72;10;4;2;0;1.300.000,00
355;4/9/2008;12;11;23;13;8;4;19;25;18;7;10;6;9;15;2;0;4;591;18493;253429;1444467;289376.69;839.38;10;4;2;0;1.300.000,00
356;8/9/2008;13;10;2;24;5;16;15;11;14;19;9;4;25;22;20;0;2;821;23749;272108;1335422;695239.96;725.85;10;4;2;0;1.200.000,00
357;11/9/2008;17;10;6;23;21;5;8;9;14;2;19;1;13;11;25;0;6;1448;33292;306828;1437076;168827.59;299.81;10;4;2;0;1.300.000,00
358;15/9/2008;25;16;17;11;14;18;12;23;24;4;15;2;10;6;9;0;2;552;18299;250995;1333113;721234.78;1119.93;10;4;2;0;1.200.000,00
359;18/9/2008;22;21;12;4;25;13;8;24;16;11;7;17;19;18;10;0;1;300;13923;188972;1182581;1481108.4;2115.87;10;4;2;0;1.300.000,00
360;22/9/2008;5;17;18;2;11;8;4;19;20;1;3;24;9;23;7;0;2;417;16124;237726;1427989;682532.86;1402.94;10;4;2;0;1.300.000,00
361;25/9/2008;9;1;20;12;7;10;14;24;19;23;13;4;17;16;15;0;4;484;19120;242545;1220594;312794.76;1107.89;10;4;2;0;1.300.000,00
362;29/9/2008;10;23;4;13;22;6;3;18;1;2;24;12;5;7;17;0;8;638;21073;233259;1335651;168748.37;906.85;10;4;2;0;1.300.000,00
363;2/10/2008;22;23;16;3;8;6;17;2;4;9;13;11;15;20;21;0;5;668;19545;220182;1174243;274166.02;879.49;10;4;2;0;1.300.000,00
364;6/10/2008;2;9;6;15;19;21;12;11;7;20;22;13;24;3;4;0;3;668;20646;252824;1310968;447199.37;860.74;10;4;2;0;1.300.000,00
365;9/10/2008;11;12;4;8;19;5;15;20;23;16;3;24;25;18;10;0;2;562;18388;238729;1311049;651227.17;993.23;10;4;2;0;1.400.000,00
366;13/10/2008;23;6;22;11;15;21;13;5;8;3;17;9;20;18;25;0;16;1741;34338;363612;1356210;56071.97;220.85;10;4;2;0;1.300.000,00
367;16/10/2008;15;21;13;20;18;22;12;7;1;17;2;8;4;9;24;0;39;1459;29602;284400;1349601;25430.52;291.33;10;4;2;0;1.300.000,00
368;20/10/2008;6;13;22;5;2;3;24;14;11;21;20;15;19;17;4;0;2;416;16521;233642;1191140;675514.68;1391.86;10;4;2;0;1.300.000,00
369;23/10/2008;24;9;12;5;15;3;23;11;6;21;1;7;14;22;20;0;1;325;15013;190722;1114074;1415661.08;1866.81;10;4;2;0;1.300.000,00
370;27/10/2008;14;17;11;3;7;12;19;4;9;10;16;23;6;25;8;0;5;492;17793;233791;1212825;269470.63;1173.65;10;4;2;0;1.300.000,00
371;30/10/2008;1;16;2;8;3;13;22;7;10;5;14;6;15;25;9;0;0;1193;14611;222489;1063063;0;508.48;10;4;2;1415443.53;3.000.000,00
372;3/11/2008;19;12;23;10;24;14;16;6;22;25;17;13;3;4;5;0;6;656;24609;295743;1640560;554941.62;1250.57;10;4;2;0;1.300.000,00
373;6/11/2008;19;20;11;22;4;17;14;13;9;23;2;15;12;21;6;0;4;735;24680;332598;1444046;265177.68;618.49;10;4;2;0;1.300.000,00
374;10/11/2008;21;3;25;24;16;9;6;18;20;23;13;12;22;2;1;0;3;494;16863;227943;1350791;518004.06;1348.19;10;4;2;0;1.300.000,00
375;13/11/2008;1;5;16;10;25;2;14;13;11;18;7;19;12;17;20;0;4;317;13255;198729;1156972;393090.48;2125.77;10;4;2;0;1.300.000,00
376;17/11/2008;12;24;3;14;8;20;16;10;18;22;13;21;25;15;2;0;1;513;23503;257299;1294636;1268121.68;1059.42;10;4;2;0;1.200.000,00
377;20/11/2008;22;11;12;15;4;3;1;8;2;7;17;9;13;19;20;0;2;692;25917;320438;1420841;320234.6;396.66;10;4;2;0;1.300.000,00
378;24/11/2008;24;2;25;13;16;14;6;23;12;4;15;21;3;22;19;0;2;591;19172;288777;1488124;614795.43;891.66;10;4;2;0;1.200.000,00
379;27/11/2008;21;7;14;17;16;13;4;22;5;3;12;25;18;11;10;0;1;379;13149;182312;1113168;1583155.69;1790.23;10;4;2;0;1.400.000,00
380;1/12/2008;8;7;14;9;25;6;23;10;4;17;18;22;3;11;2;0;1;455;18919;242645;1332353;1596209.7;1503.49;10;4;2;0;1.300.000,00
381;4/12/2008;3;7;13;19;25;15;6;12;17;4;10;22;21;9;1;0;17;1354;31510;302442;1484351;65578.88;352.87;10;4;2;0;1.300.000,00
382;8/12/2008;10;15;11;3;24;8;12;2;4;14;22;21;7;9;16;0;2;338;15156;203544;1257269;768787.34;1949.59;10;4;2;0;1.300.000,00
383;11/12/2008;24;22;11;16;15;7;9;23;18;6;5;14;25;12;3;0;4;612;21763;259218;1323194;349610.03;979.3;10;4;2;0;1.300.000,00
384;15/12/2008;17;19;13;22;7;11;25;4;1;15;18;3;21;10;20;0;3;1007;28988;324515;1518682;412832.13;527.1;10;4;2;0;1.300.000,00
385;18/12/2008;4;5;8;12;20;23;25;6;13;15;18;1;24;22;2;0;7;821;25895;299177;1495379;156752.12;572.79;10;4;2;0;1.300.000,00
386;22/12/2008;23;15;11;21;19;3;7;6;9;1;18;20;25;2;4;0;3;474;19690;280416;1499549;490.605,00;1330.75;10;4;2;0;1.200.000,00
387;26/12/2008;23;12;11;14;19;15;21;9;4;22;8;2;20;3;10;0;11;633;18843;212395;962489;86423.68;643.64;10;4;2;0;1.300.000,00
388;29/12/2008;1;7;21;15;16;9;11;6;10;20;5;17;3;18;2;0;0;362;12984;198569;1161589;0;1812.45;10;4;2;1530915.08;2.800.000,00
389;2/1/2009;19;23;2;12;3;9;24;4;17;5;10;25;13;6;18;0;5;1943;27337;306754;1452691;508398.23;223.02;10;4;2;0;1.300.000,00
390;5/1/2009;12;25;21;5;7;22;19;2;20;13;14;10;11;15;24;0;2;372;14485;213528;1290300;676763.37;1559.37;10;4;2;0;1.300.000,00
391;8/1/2009;21;18;25;16;6;15;4;23;13;12;3;1;9;22;8;0;16;2683;46805;355727;1524094;55856.68;142.76;10;4;2;0;1.400.000,00
392;12/1/2009;1;23;2;18;20;3;17;21;11;25;15;10;4;14;12;0;0;457;20303;254042;1460896;0;1397.41;10;4;2;1490101.04;3.000.000,00
393;15/1/2009;4;8;23;17;3;21;22;20;18;1;25;6;7;10;11;0;3;487;19532;286635;1573413;1134703.22;1684.37;10;4;2;0;1.300.000,00
394;19/1/2009;6;14;12;13;2;22;16;20;18;7;24;21;8;23;5;0;4;689;25961;279906;1402452;363660.08;904.82;10;4;2;0;1.300.000,00
395;22/1/2009;2;8;11;25;22;1;4;9;13;14;15;23;21;17;6;0;6;721;23631;283504;1410875;195471.33;697.14;10;4;2;0;1.300.000,00
396;26/1/2009;3;2;9;1;5;10;15;13;22;7;6;24;20;18;11;0;12;1403;34981;316500;1468013;98868.7;362.42;10;4;2;0;1.300.000,00
397;29/1/2009;15;2;25;20;6;4;10;1;3;5;9;13;14;8;22;0;3;571;26605;270210;1300941;423217.58;952.96;10;4;2;0;1.300.000,00
398;2/2/2009;13;22;10;3;9;16;12;20;5;7;18;4;21;2;8;0;3;444;20276;258635;1456897;484199.91;1402.13;10;4;2;0;1.300.000,00
399;5/2/2009;10;22;12;11;14;24;21;19;9;17;23;1;7;4;16;0;6;902;29339;275256;1277274;241918.74;689.67;10;4;2;0;1.300.000,00
400;9/2/2009;12;20;23;24;15;1;9;22;10;19;17;14;16;21;5;0;2;394;16987;247550;1282388;869374.43;1891.31;10;4;2;0;1.300.000,00
401;12/2/2009;8;7;25;17;23;10;6;24;21;5;2;3;14;16;1;0;4;339;14147;207925;1185040;421490.77;2131.43;10;4;2;0;1.300.000,00
402;16/2/2009;9;6;21;22;20;1;11;7;8;23;2;4;25;24;16;0;3;298;12055;184681;1178887;640021.04;2761.36;10;4;2;0;1.300.000,00
403;19/2/2009;25;21;8;14;24;13;2;9;7;4;12;15;6;11;19;0;1;319;13940;218692;1337929;1372832.11;1844.38;10;4;2;0;1.300.000,00
404;26/2/2009;21;8;14;1;6;13;20;11;18;16;24;25;22;5;10;0;10;1945;38916;340364;1333220;140051.17;308.6;10;4;2;0;1.300.000,00
405;2/3/2009;18;16;25;5;7;24;6;11;8;4;19;22;14;13;12;0;4;522;17915;232083;1337718;394040.4;1294.06;10;4;2;0;1.300.000,00
406;5/3/2009;16;9;5;1;2;8;24;4;22;21;11;7;10;17;23;0;2;351;13344;226037;1165504;810235.41;1978.6;10;4;2;0;1.300.000,00
407;9/3/2009;12;14;11;17;22;20;25;4;8;15;6;16;9;7;2;0;3;385;16370;218984;1272669;482750.73;1612.15;10;4;2;0;1.300.000,00
408;12/3/2009;20;1;14;12;18;3;21;22;11;4;2;10;15;23;19;0;6;707;34309;225407;1244916;246627.48;897.01;10;4;2;0;1.300.000,00
409;16/3/2009;24;6;14;20;8;7;23;25;4;2;10;16;21;1;17;0;7;715;34068;265339;1290730;217932.87;914.41;10;4;2;0;1.400.000,00
410;19/3/2009;5;17;1;4;8;15;19;18;7;10;25;9;14;13;11;0;3;542;20218;273463;1433295;383338.36;909.35;10;4;2;0;1.300.000,00
411;23/3/2009;18;17;1;5;14;25;7;16;12;24;20;11;22;21;9;0;4;766;25330;253883;1353830;381115.94;852.93;10;4;2;0;1.300.000,00
412;26/3/2009;18;20;21;12;4;11;3;22;19;17;25;10;9;8;16;0;1;373;12969;171721;1097290;1710946.58;1965.86;10;4;2;0;1.500.000,00
413;30/3/2009;8;16;20;21;14;3;10;25;13;17;6;12;2;5;9;0;4;593;18784;224653;1290202;397925.72;1150.35;10;4;2;0;1.200.000,00
414;2/4/2009;3;16;19;15;6;5;20;11;18;25;21;10;8;2;9;0;1;470;21468;293063;1295176;1338329.9;1220.36;10;4;2;0;1.300.000,00
415;6/4/2009;7;3;15;1;22;18;19;23;10;11;20;13;14;21;17;0;5;612;27538;309040;1565600;253888.86;888.97;10;4;2;0;1.300.000,00
416;9/4/2009;13;20;6;19;23;25;15;5;18;22;24;1;2;7;16;0;4;496;18138;232293;1241256;363504.24;1256.35;10;4;2;0;1.300.000,00
417;15/4/2009;21;8;17;12;1;23;14;13;2;9;3;11;19;16;15;0;1;517;20670;269076;1441878;1093879.81;906.78;10;4;2;0;1.100.000,00
418;16/4/2009;5;19;20;22;11;9;14;8;10;12;24;25;13;18;23;0;4;585;17760;201772;1160590;299058.14;876.36;10;4;2;0;1.200.000,00
419;20/4/2009;23;3;17;21;16;14;18;5;4;22;20;15;24;7;6;0;10;669;17576;193868;1059789;170853.39;1094.51;10;4;2;0;1.300.000,00
420;23/4/2009;22;11;3;19;9;5;4;24;10;25;12;18;8;7;6;0;3;467;14512;191755;1085486;440611.68;1213.06;10;4;2;0;1.200.000,00
421;27/4/2009;25;10;14;4;5;15;9;3;13;20;16;8;19;23;12;0;2;572;28873;248920;1412541;656440.63;983.68;10;4;2;0;1.300.000,00
422;30/4/2009;25;7;22;3;8;18;14;17;1;23;4;12;13;6;2;0;11;1108;32327;310368;1327303;91352.8;555.26;10;4;2;0;1.300.000,00
423;4/5/2009;17;16;24;20;25;1;13;2;23;18;11;15;5;3;22;0;1;410;17740;256631;1403461;1216110.88;1271.2;10;4;2;0;1.300.000,00
424;7/5/2009;6;11;13;24;10;1;15;18;25;16;9;3;17;14;19;0;0;329;14344;209080;1284777;0;2162.75;10;4;2;1660271.46;3.500.000,00
425;11/5/2009;16;1;19;22;23;7;10;20;11;12;13;18;9;15;24;0;6;708;26922;345096;1928442;578407.86;1095.75;10;4;2;0;1.300.000,00
426;14/5/2009;6;15;16;24;19;11;25;3;5;10;4;18;2;22;8;0;2;951;25317;292035;1325120;726104.9;934.91;10;4;2;0;1.300.000,00
427;18/5/2009;4;9;7;24;3;11;16;1;10;21;6;22;19;5;12;0;2;434;17269;247243;1264170;886616.18;1751.05;10;4;2;0;1.200.000,00
428;21/5/2009;13;17;4;14;1;20;18;24;23;11;22;15;19;3;21;0;2;382;25391;265762;1327398;666581.88;1495.69;10;4;2;0;1.300.000,00
429;25/5/2009;16;7;23;3;5;13;2;12;25;14;19;4;6;17;8;16.198.531,00;7;1066;28810;338670;1536903;168970.74;679.32;10;4;2;0;1.300.000,00
430;28/5/2009;5;14;2;20;15;7;25;13;22;6;4;23;9;11;3;14.860.456,00;1;407;18378;236449;1404782;1275129.3;1342.72;10;4;2;0;1.300.000,00
431;1/6/2009;24;3;18;5;12;21;13;9;15;20;22;11;1;23;2;16.491.134,00;3;727;25503;386807;1640128;355534.38;898.24;10;4;2;0;1.300.000,00
432;4/6/2009;10;15;13;6;21;12;2;17;7;20;3;23;4;19;24;15.736.418,00;12;1151;26062;270390;1329532;119469.82;762.58;10;4;2;0;1.400.000,00
433;8/6/2009;14;15;19;7;9;8;24;21;23;3;1;5;2;25;22;16.037.085,00;4;474;19541;270976;1478893;345730.12;1250.38;10;4;2;0;1.300.000,00
434;12/6/2009;21;12;3;15;17;11;13;16;4;9;23;6;25;24;18;13.760.377,00;3;595;19268;232834;1277729;388361.81;1198.85;10;4;2;0;1.200.000,00
435;15/6/2009;14;16;25;11;24;15;1;10;17;21;18;5;4;13;3;14.772.336,00;2;359;14484;215823;1337639;690715.03;1649.14;10;4;2;0;1.300.000,00
436;18/6/2009;20;3;15;25;7;23;4;6;21;19;13;10;14;18;22;15.155.196,00;4;566;18007;221994;1270949;375002.23;1135.8;10;4;2;0;1.600.000,00
437;22/6/2009;12;20;5;21;1;8;19;4;11;23;6;17;10;16;2;16.132.693,00;1;491;20628;248500;1293534;1623920.99;1417.45;10;4;2;0;1.400.000,00
438;25/6/2009;21;18;7;23;13;8;9;1;15;17;11;24;22;25;4;14.183.624,00;2;705;24534;308933;1434620;463833.28;805.61;10;4;2;0;1.300.000,00
439;29/6/2009;9;25;2;21;10;3;11;5;14;24;23;17;19;12;15;15.952.516,00;3;1050;31931;341529;1652570;331827.03;580.45;10;4;2;0;1.300.000,00
440;2/7/2009;12;1;14;19;3;13;15;21;5;22;25;24;16;8;9;15.767.408,00;4;620;21684;279245;1477709;324801.29;1282.95;10;4;2;0;1.400.000,00
441;6/7/2009;11;25;13;2;20;1;9;7;10;14;4;8;3;23;24;17.161.316,00;1;476;19887;275351;1618369;1478453.2;1331.14;10;4;2;0;1.300.000,00
442;9/7/2009;22;6;12;23;8;5;18;25;14;15;17;24;9;13;7;14.924.279,00;8;670;20117;265028;1362847;158181.99;1156.37;10;4;2;0;1.300.000,00
443;13/7/2009;23;5;12;7;18;3;16;10;17;11;19;22;21;1;2;17.315.220,00;4;508;20967;261631;1477085;417926.72;1410.33;10;4;2;0;1.300.000,00
444;16/7/2009;2;7;22;18;19;20;25;3;21;1;15;6;10;14;24;15.820.194,00;4;451;15044;195211;1144892;458498.53;1742.79;10;4;2;0;1.400.000,00
445;20/7/2009;1;15;10;2;4;12;7;20;18;21;13;16;9;11;19;16.687.213,00;4;603;23103;266477;1430795;390412.33;1109.92;10;4;2;0;1.400.000,00
446;23/7/2009;1;8;4;15;6;11;14;16;24;5;19;21;10;23;2;15.423.126,00;5;651;22372;254065;1230063;302724.08;1423.51;10;4;2;0;1.600.000,00
447;27/7/2009;18;16;25;21;24;8;22;17;5;12;1;2;19;10;20;16.646.597,00;3;409;19802;222597;1314025;589834.33;1854.18;10;4;2;0;1.300.000,00
448;30/7/2009;10;17;20;5;12;23;1;6;15;13;24;3;14;9;11;15.505.899,00;1;435;17496;247609;1473482;1329469.54;1309.82;10;4;2;0;1.300.000,00
449;3/8/2009;17;1;10;3;4;8;19;18;11;2;22;24;9;25;16;17.260.092,00;0;522;18788;250501;1422374;0;1433.44;10;4;2;1745924.77;3.300.000,00
450;6/8/2009;24;22;11;14;5;9;16;7;4;21;23;18;17;25;6;21.774.037,00;3;460;19788;268293;1642129;1403449.06;2296.05;10;4;2;0;1.600.000,00
451;10/8/2009;18;5;14;9;24;23;8;19;15;6;1;22;17;3;25;18.053.027,00;9;1074;30935;351167;1692152;155083.09;795.66;10;4;2;0;1.400.000,00
452;13/8/2009;18;14;20;9;17;24;12;19;25;10;11;1;6;8;7;17.628.249,00;0;336;13228;207555;1271237;0;2659.27;10;4;2;2084866.37;3.500.000,00
453;17/8/2009;3;24;14;4;1;19;9;2;6;25;15;11;20;21;17;22.697.507,00;4;781;29034;359976;1939899;1057914.21;1178.05;10;4;2;0;1.500.000,00
454;20/8/2009;12;6;4;24;20;17;22;19;25;3;13;11;15;7;14;17.205.022,00;0;485;20691;261766;1519792;0;1420.19;10;4;2;1607172.77;3.500.000,00
455;24/8/2009;7;12;18;21;19;11;1;6;4;3;23;14;5;8;25;22.419.502,00;8;729;29024;362409;1966307;457924.97;1208.83;10;4;2;0;1.500.000,00
456;27/8/2009;23;12;14;4;11;24;25;9;13;17;3;10;1;18;21;17.448.810,00;7;785;27862;346024;1732830;178670.79;975.45;10;4;2;0;1.100.000,00
457;31/8/2009;15;19;25;4;21;13;23;22;14;16;11;18;5;1;20;18.614.264,00;1;407;17580;298630;1634482;1741731.78;1834.05;10;4;2;0;1.500.000,00
458;3/9/2009;22;6;13;9;4;20;3;15;8;5;2;7;18;16;11;17.785.732,00;5;855;29344;311187;1553849;311957.52;1116.92;10;4;2;0;1.400.000,00
459;8/9/2009;11;17;10;19;23;2;14;15;1;20;4;21;3;7;12;14.705.278,00;3;757;31694;283370;1385273;367854.54;892.53;10;4;2;0;1.400.000,00
460;10/9/2009;4;9;10;1;19;15;23;11;22;17;16;12;14;6;3;18291798.75;8;645;20777;239996;1235607;214569.91;1140.57;12.5;5;2.5;0;1.400.000,00
461;14/9/2009;11;19;4;24;6;12;23;8;15;17;5;7;14;13;3;20409758.75;5;698;24686;324355;1647498;287640.29;1261.5;12.5;5;2.5;0;1.400.000,00
462;17/9/2009;18;3;7;23;17;24;21;1;8;14;5;22;16;2;12;18581586.25;0;558;19875;265357;1274994;0;1285.88;12.5;5;2.5;1674205.87;4.000.000,00
463;21/9/2009;22;19;2;9;18;23;25;20;11;3;6;13;7;17;14;23.941.345,00;7;1196;31408;347878;1782660;515681.63;990.83;12.5;5;2.5;0;1.500.000,00
464;24/9/2009;5;25;17;2;8;21;1;23;22;16;24;19;20;10;11;18.733.250,00;2;530;23200;213995;1175939;966866.22;1563.66;12.5;5;2.5;0;2.000.000,00
465;28/9/2009;7;10;1;22;9;18;6;25;11;3;21;2;19;13;4;19053426.25;2;455;20974;246908;1400828;830150.42;1563.86;12.5;5;2.5;0;1.500.000,00
466;1/10/2009;6;12;17;8;20;14;10;19;25;2;22;11;7;18;21;18383551.25;1;328;13667;199100;1156871;1976545.27;2582.6;12.5;5;2.5;0;1.700.000,00
467;5/10/2009;7;10;2;13;25;4;22;15;21;24;14;6;18;17;5;19225602.5;5;565;17521;213037;1251469;396907.31;1505.34;12.5;5;2.5;0;2.000.000,00
468;8/10/2009;15;9;18;17;5;13;2;6;10;21;25;3;24;22;12;17983296.25;8;954;23771;268374;1260272;191492.28;983.14;12.5;5;2.5;0;1.600.000,00
469;13/10/2009;6;25;5;23;13;14;19;2;22;18;11;10;7;1;8;15901822.5;3;617;17705;208381;1155000;465357.53;1385.31;12.5;5;2.5;0;1.600.000,00
470;15/10/2009;20;6;7;18;22;23;13;5;15;4;1;8;3;11;10;15797396.25;3;576;23017;268187;1174744;390100.47;1243.94;12.5;5;2.5;0;1.400.000,00
471;19/10/2009;4;25;20;12;24;16;13;15;11;6;9;3;10;14;2;16900541.25;1;314;14393;182221;1128926;1727808.67;2358.25;12.5;5;2.5;0;1.200.000,00
472;22/10/2009;13;6;11;2;12;1;14;7;20;8;4;17;18;15;5;16716763.75;3;446;14550;226525;1064480;552536.31;1592.83;12.5;5;2.5;0;1.600.000,00
473;27/10/2009;8;25;5;7;15;1;6;17;23;9;11;22;12;19;2;16817123.75;8;724;22640;257219;1324486;154499.63;1045.21;12.5;5;2.5;0;1.500.000,00
474;29/10/2009;3;11;10;23;16;17;21;15;12;2;5;9;1;18;24;15989461.25;2;461;17059;207057;1118403;733503.8;1363.81;12.5;5;2.5;0;1.500.000,00
475;3/11/2009;4;9;2;20;23;3;21;11;6;5;14;13;25;10;17;10833466.25;0;433;13728;161087;821107;0;1204.84;12.5;5;2.5;852108.03;2.500.000,00
476;5/11/2009;6;1;13;5;10;7;24;17;9;19;16;15;14;25;11;17651687.5;1;424;23008;248333;1265772;2359556.64;1523.7;12.5;5;2.5;0;1.600.000,00
477;9/11/2009;8;16;7;14;4;24;2;20;6;23;18;11;25;12;10;17599641.25;8;1382;36503;271640;1163643;185196.45;656.35;12.5;5;2.5;0;1.500.000,00
478;12/11/2009;11;2;22;9;10;13;24;23;7;12;5;16;25;3;18;16959021.25;7;708;23117;261931;1302836;182665.53;1105.72;12.5;5;2.5;0;1.500.000,00
479;16/11/2009;18;15;13;23;24;3;5;22;19;2;11;8;16;14;25;17307541.25;1;607;21383;258022;1403421;1250813.46;1261.62;12.5;5;2.5;0;1.500.000,00
480;19/11/2009;22;7;6;24;11;8;9;12;4;25;19;18;5;17;15;16373383.75;2;484;18602;214612;1132768;752129.78;1331.99;12.5;5;2.5;0;1.000.000,00
481;23/11/2009;5;13;17;15;24;22;21;12;10;3;14;9;1;7;20;16568422.5;7;1081;26980;261385;1224712;181112.53;718.03;12.5;5;2.5;0;1.500.000,00
482;26/11/2009;25;17;15;2;21;8;10;9;22;12;6;23;7;19;16;16.016.520,00;4;242;11135;179422;989180;433783.11;3072.84;12.5;5;2.5;0;1.500.000,00
483;30/11/2009;22;5;1;7;21;6;24;17;18;4;9;14;11;12;23;16793572.5;5;508;20378;208730;1127835;320893.49;1353.6;12.5;5;2.5;0;1.500.000,00
484;3/12/2009;8;4;16;20;23;14;6;13;1;11;9;17;21;10;25;17088946.25;3;695;20032;224299;1109636;551482.24;1020.21;12.5;5;2.5;0;1.600.000,00
485;7/12/2009;25;17;22;7;6;18;24;20;3;21;16;2;11;5;4;17202796.25;2;211;8989;153197;967691;1047362.19;4254.69;12.5;5;2.5;0;1.500.000,00
486;10/12/2009;4;15;13;20;19;2;22;9;7;5;11;3;18;1;21;16414207.5;3;591;21380;272508;1295745;384852.57;1196.06;12.5;5;2.5;0;1.500.000,00
487;14/12/2009;8;7;5;17;6;24;15;14;18;21;4;9;10;22;19;17364491.25;5;331;13349;192877;1071367;375735.37;2432.47;12.5;5;2.5;0;1.500.000,00
488;17/12/2009;8;7;5;13;24;14;6;20;17;15;25;22;18;12;11;16418361.25;6;456;18355;219517;1184568;240000.26;1353.38;12.5;5;2.5;0;1.400.000,00
489;21/12/2009;23;12;17;10;11;1;5;21;18;22;25;2;14;7;19;17300711.25;1;773;26471;262837;1315551;1314020.28;1040.75;12.5;5;2.5;0;1.400.000,00
490;24/12/2009;10;21;12;23;17;5;13;16;14;8;22;6;18;3;11;13.123.340,00;3;360;12787;164246;889574;420057.19;1500.2;12.5;5;2.5;0;1.200.000,00
491;28/12/2009;1;23;13;2;16;11;3;7;25;24;9;21;22;12;20;14272188.75;10;575;16674;188823;1024321;125888.45;1340.42;12.5;5;2.5;0;1.200.000,00
492;31/12/2009;15;3;11;1;12;8;24;6;2;4;14;21;19;25;18;11.734.530,00;2;273;10832;147080;784911;571428.57;1794.13;12.5;5;2.5;0;1.000.000,00
493;4/1/2010;22;13;25;15;17;12;1;5;14;18;7;4;21;10;8;13328721.25;1;522;16064;182362;960295;1153381.96;1352.78;12.5;5;2.5;0;1.200.000,00
494;7/1/2010;12;4;7;3;20;13;5;18;8;19;16;15;21;22;2;16283552.5;1;410;17607;201733;1055673;1616972.81;1690.22;12.5;5;2.5;0;1.500.000,00
495;11/1/2010;1;9;24;3;7;6;13;11;8;25;17;22;4;15;19;16841256.25;14;1763;35188;315606;1359905;69850.67;339.6;12.5;5;2.5;0;1.300.000,00
496;14/1/2010;19;11;21;22;17;14;5;16;7;9;24;13;15;4;3;16639763.75;4;1104;28763;286168;1332039;270015.19;598.96;12.5;5;2.5;0;1.500.000,00
497;18/1/2010;2;16;4;5;25;17;11;9;3;8;12;14;1;23;19;17276282.5;1;660;19661;241297;1275136;1452743.77;1347.62;12.5;5;2.5;0;1.500.000,00
498;21/1/2010;11;14;20;5;16;2;23;13;22;4;15;1;6;25;18;16457183.75;1;394;19783;214251;1145546;1500332.47;1631.98;12.5;5;2.5;0;1.400.000,00
499;25/1/2010;19;7;3;2;25;12;24;10;1;11;20;15;17;4;21;15863796.25;5;668;22310;232278;1158584;259345.38;1188.49;12.5;5;2.5;0;1.300.000,00
500;28/1/2010;25;16;2;5;13;21;23;8;18;6;14;3;10;20;9;16444431.25;11;1761;41880;310156;1174557;99248.36;379.56;12.5;5;2.5;0;1.500.000,00
501;1/2/2010;18;3;25;17;21;23;2;12;19;4;15;9;24;6;1;17.436.590,00;9;692;21741;270699;1326696;148820.58;1185.01;12.5;5;2.5;0;1.400.000,00
502;4/2/2010;23;2;10;5;19;13;4;3;16;1;6;8;24;11;18;16846957.5;2;457;18368;226048;1214288;739979.76;1387.89;12.5;5;2.5;0;1.400.000,00
503;8/2/2010;1;2;14;12;3;17;5;7;20;25;11;15;21;24;4;17.343.740,00;3;597;38355;269717;1289118;422012.08;1298.36;12.5;5;2.5;0;1.300.000,00
504;11/2/2010;16;15;20;10;17;13;18;14;9;21;12;19;1;23;6;16912318.75;0;274;10689;162296;982144;0;3099.58;12.5;5;2.5;1981660.21;2.700.000,00
505;13/2/2010;3;6;19;24;16;21;17;15;22;7;18;11;20;4;9;11518358.75;1;210;8418;125363;702501;3246835.18;2581.99;12.5;5;2.5;0;1.000.000,00
506;18/2/2010;21;20;19;4;11;9;15;12;6;16;24;17;22;5;13;15490326.25;1;395;14552;206308;995591;1526982.41;1656.76;12.5;5;2.5;0;1.500.000,00
507;22/2/2010;8;24;9;11;3;20;21;1;6;10;23;5;2;12;25;16885393.75;6;406;15636;212701;1221538;254800.4;1613.8;12.5;5;2.5;0;1.500.000,00
508;25/2/2010;14;15;19;8;5;2;7;9;3;25;6;16;24;18;23;16.032.995,00;5;495;19303;229983;1116568;281746.45;1219.68;12.5;5;2.5;0;1.400.000,00
509;1/3/2010;20;11;17;1;3;24;15;9;25;5;12;6;19;16;22;17.652.985,00;9;898;25538;265722;1269135;160612.17;985.52;12.5;5;2.5;0;1.500.000,00
510;4/3/2010;23;3;21;4;20;7;6;13;25;1;22;10;11;12;2;17645832.5;4;509;18319;214225;1238241;413048.98;1391.13;12.5;5;2.5;0;1.500.000,00
511;8/3/2010;24;13;11;17;25;5;12;19;1;21;18;14;10;7;2;18.319.595,00;5;751;26939;251711;1386659;294214.41;1199.27;12.5;5;2.5;0;1.500.000,00
512;12/3/2010;9;2;12;15;16;5;24;6;21;7;1;4;10;8;13;15.381.350,00;1;282;10972;188835;919784;1661076.85;2524.44;12.5;5;2.5;0;1.500.000,00
513;15/3/2010;15;20;18;17;22;2;23;3;1;9;10;13;25;11;6;17.503.810,00;5;1040;26822;279101;1423069;236824.24;697.08;12.5;5;2.5;0;1.500.000,00
514;18/3/2010;1;7;24;25;8;11;22;17;9;12;15;5;6;18;21;16865391.25;2;595;20989;218580;1180373;763862.2;1100.4;12.5;5;2.5;0;1.500.000,00
515;22/3/2010;11;18;14;5;3;17;7;20;25;9;10;2;13;24;12;17317927.5;6;884;26458;288568;1350255;202043.33;839.59;12.5;5;2.5;0;1.500.000,00
516;25/3/2010;8;7;23;11;21;4;20;6;18;5;14;24;12;2;13;16.379.625,00;1;472;18207;210820;1094470;1564230.58;1420.3;12.5;5;2.5;0;1.500.000,00
517;29/3/2010;9;21;7;23;12;17;11;3;13;22;8;1;4;6;5;16878151.25;1;453;18492;238232;1347231;1293222.34;1223.49;12.5;5;2.5;0;1.400.000,00
518;1/4/2010;19;13;11;20;14;17;24;10;5;16;12;6;4;7;22;15723253.75;1;309;12294;175675;964462;1704237.56;2363.72;12.5;5;2.5;0;1.500.000,00
519;5/4/2010;23;9;17;19;24;16;3;12;15;11;7;25;13;2;21;13795147.5;8;1120;33226;297943;1208184;70254.06;307.23;12.5;5;2.5;0;1.400.000,00
520;8/4/2010;15;12;24;10;14;4;18;6;5;22;20;9;2;23;19;17.072.350,00;5;787;22526;241184;1169925;304073.8;1182.76;12.5;5;2.5;0;1.500.000,00
521;12/4/2010;19;9;5;17;12;11;2;10;6;23;4;20;13;1;3;17602177.5;4;617;22112;255951;1431712;320079.25;1270.44;12.5;5;2.5;0;1.500.000,00
522;15/4/2010;16;25;11;6;19;22;23;4;2;21;7;9;17;18;24;17270428.75;1;341;15323;198246;1114898;1779817.9;2236.89;12.5;5;2.5;0;1.500.000,00
523;19/4/2010;2;19;11;13;4;8;16;25;24;17;12;5;9;10;18;17.321.650,00;2;675;20538;221803;1234488;777355.86;1410.16;12.5;5;2.5;0;1.300.000,00
524;22/4/2010;3;11;7;22;5;2;17;23;20;24;12;6;14;10;21;15152727.5;4;551;17994;201564;1085636;333599.98;1482.72;12.5;5;2.5;0;1.500.000,00
525;26/4/2010;4;9;3;25;15;21;17;16;20;22;18;6;10;13;11;17073548.75;4;494;15966;212745;1120415;422783.22;1467.15;12.5;5;2.5;0;1.500.000,00
526;29/4/2010;4;8;24;12;7;10;1;15;2;25;9;11;16;19;14;15957947.5;4;410;17338;207248;1171704;348184.93;1455.83;12.5;5;2.5;0;1.200.000,00
527;3/5/2010;11;5;14;2;6;9;22;23;12;19;15;24;1;16;17;16.439.850,00;3;656;21327;241186;1166896;464997.39;1301.94;12.5;5;2.5;0;1.300.000,00
528;6/5/2010;6;23;10;4;12;15;7;24;11;25;2;19;3;21;8;17.081.620,00;1;437;15652;222396;1238471;1526533.47;1497.09;12.5;5;2.5;0;1.400.000,00
529;10/5/2010;23;16;25;7;19;5;18;3;20;17;22;11;6;2;12;17022458.75;1;348;13505;189493;1126684;1744474.56;2148.37;12.5;5;2.5;0;1.300.000,00
530;13/5/2010;11;16;10;3;8;23;14;9;18;4;7;6;12;21;22;17.089.015,00;2;332;13200;183705;1071544;921212.78;2378.35;12.5;5;2.5;0;1.500.000,00
531;17/5/2010;14;3;12;21;1;15;23;25;22;7;16;17;10;13;2;17.534.215,00;1;357;13299;188391;1214710;1.750.987,00;2102.03;12.5;5;2.5;0;1.300.000,00
532;20/5/2010;24;7;2;9;15;6;16;5;19;12;1;11;22;4;13;16435972.5;4;856;27798;290052;1324573;260411.23;745.02;12.5;5;2.5;0;1.500.000,00
533;24/5/2010;20;10;8;24;25;18;13;16;9;1;11;17;2;3;14;17014878.75;2;563;19464;217320;1115689;825816.73;1257.27;12.5;5;2.5;0;1.400.000,00
534;27/5/2010;3;24;2;22;5;18;7;1;19;8;12;21;11;13;15;16012412.5;8;651;21381;246416;1296022;141434.12;1064.11;12.5;5;2.5;0;1.300.000,00
535;31/5/2010;1;25;13;4;5;24;23;11;15;19;21;16;9;6;17;17198776.25;8;1498;40961;360660;1416452;105001.52;343.31;12.5;5;2.5;0;1.500.000,00
536;4/6/2010;3;19;16;4;20;11;17;9;15;22;23;5;25;24;7;14780662.5;3;380;16892;233261;1174458;358144.31;1211.77;12.5;5;2.5;0;1.500.000,00
537;7/6/2010;10;18;6;24;11;17;22;23;15;4;2;9;14;1;20;15.075.810,00;3;498;15557;185784;967245;505475.29;1305.01;12.5;5;2.5;0;1.500.000,00
538;10/6/2010;12;16;6;18;10;24;19;20;13;17;11;25;21;5;2;16986092.5;2;308;12973;188621;1136757;864843.03;2406.8;12.5;5;2.5;0;1.500.000,00
539;14/6/2010;12;4;5;16;6;14;2;13;8;1;21;9;15;23;19;16829241.25;2;575;20840;234195;1245413;701454.48;1493.78;12.5;5;2.5;0;1.100.000,00
540;17/6/2010;13;11;12;7;18;16;9;22;15;24;19;20;2;6;8;15.765.595,00;2;353;15332;216759;1082704;724630.15;1759.52;12.5;5;2.5;0;1.500.000,00
541;21/6/2010;9;3;20;17;19;10;22;6;4;13;25;14;5;24;15;16363996.25;13;697;20672;235534;1177329;106439.22;1215.45;12.5;5;2.5;0;1.500.000,00
542;24/6/2010;18;13;8;2;4;17;22;10;24;5;9;16;1;3;20;14.991.955,00;2;251;11695;171471;964323;780319.96;2664.72;12.5;5;2.5;0;1.300.000,00
543;28/6/2010;7;20;15;1;13;17;25;24;14;16;22;11;8;10;5;13582411.25;1;566;16716;186405;907421;1258973.12;1361.83;12.5;5;2.5;0;1.300.000,00
544;1/7/2010;18;19;9;21;5;8;7;4;2;14;15;13;11;24;23;16051836.25;8;1188;26674;264609;1304943;131506.97;542.18;12.5;5;2.5;0;1.500.000,00
545;5/7/2010;18;24;1;23;13;12;11;5;25;7;6;14;15;17;3;16.581.190,00;5;559;19089;255175;1318074;243.944,00;1335.89;12.5;5;2.5;0;1.200.000,00
546;8/7/2010;5;17;10;4;9;13;3;19;18;12;21;8;11;2;23;16.789.755,00;10;1362;29268;298934;1399866;99495.51;447.25;12.5;5;2.5;0;1.300.000,00
547;12/7/2010;25;14;9;10;6;5;17;20;4;1;2;12;24;19;16;16369718.75;4;525;18363;219631;1162495;364055.2;1188.75;12.5;5;2.5;0;1.200.000,00
